repo_id,label,group,group_name,target_block_count,residual_idx,mixed_mass,forced_mix_l1,forced_mix_l1_per_mixed_mass,observed_attn_share,count_attn_share
Jonnester/LR-AttnRes-Full,Standard AttnRes Full,standard_attnres,Standard AttnRes,8,1,0.0,0.0,0.0,0.0,0.0
Jonnester/LR-AttnRes-Full,Standard AttnRes Full,standard_attnres,Standard AttnRes,8,2,0.7308685865586366,0.3702942599368289,0.5066495766091059,0.246675211695447,0.5
Jonnester/LR-AttnRes-Full,Standard AttnRes Full,standard_attnres,Standard AttnRes,8,3,0.22936329976617686,0.1254210599034338,0.5468227045534033,0.39325531438996497,0.6666666666666666
Jonnester/LR-AttnRes-Full,Standard AttnRes Full,standard_attnres,Standard AttnRes,8,4,0.8473350789428242,0.22566229774336513,0.26632002303611957,0.3668399884819402,0.5
Jonnester/LR-AttnRes-Full,Standard AttnRes Full,standard_attnres,Standard AttnRes,8,5,0.8193415350439709,0.22353191091641172,0.272818966640591,0.46359051667970447,0.6
Jonnester/LR-AttnRes-Full,Standard AttnRes Full,standard_attnres,Standard AttnRes,8,6,0.8955600388438963,0.1347567675771509,0.1504720641076306,0.4247639679461847,0.5
Jonnester/LR-AttnRes-Full,Standard AttnRes Full,standard_attnres,Standard AttnRes,8,7,0.6583447827904568,0.06106227628008376,0.09275121163908295,0.4536243941804585,0.5
Jonnester/LR-AttnRes-Full,Standard AttnRes Full,standard_attnres,Standard AttnRes,8,8,0.91172738506542,0.2109061216678077,0.23132586025446014,0.38433706987276994,0.5
Jonnester/LR-AttnRes-Full,Standard AttnRes Full,standard_attnres,Standard AttnRes,8,9,0.874357227253069,0.0924858063690333,0.10577576702784516,0.5340549760763987,0.5656287592695631
Jonnester/LR-AttnRes-Full,Standard AttnRes Full,standard_attnres,Standard AttnRes,8,10,0.9199770092377362,0.12440725600505921,0.135228657624976,0.43238567118751203,0.5
Jonnester/LR-AttnRes-Full,Standard AttnRes Full,standard_attnres,Standard AttnRes,8,11,0.8776360242741137,0.17647628214482852,0.20108140192945106,0.45128446236147407,0.5518251633261996
Jonnester/LR-AttnRes-Full,Standard AttnRes Full,standard_attnres,Standard AttnRes,8,12,0.9171150769864216,0.26584601244412176,0.28987203363581576,0.35506398318209215,0.5
Jonnester/LR-AttnRes-Full,Standard AttnRes Full,standard_attnres,Standard AttnRes,8,13,0.6754327368074499,0.33163181497389826,0.49099162196581353,0.2545041890170932,0.5
Jonnester/LR-AttnRes-Full,Standard AttnRes Full,standard_attnres,Standard AttnRes,8,14,0.9329636810343653,0.13037233141144902,0.13973998566257886,0.43013000716871047,0.5
Jonnester/LR-AttnRes-Full,Standard AttnRes Full,standard_attnres,Standard AttnRes,8,15,0.9044258793819757,0.27040918347890164,0.29898434978848815,0.4101136082213438,0.559605783115588
Jonnester/LR-AttnRes-Full,Standard AttnRes Full,standard_attnres,Standard AttnRes,8,16,0.9461289476196288,0.19090681862771303,0.20177674418272115,0.4269982476499663,0.5
Jonnester/LR-AttnRes-Full,Standard AttnRes Full,standard_attnres,Standard AttnRes,8,17,0.9337882977414391,0.21246981391705938,0.22753531440794636,0.48861685897113216,0.5566397309119226
Jonnester/LR-AttnRes-Full,Standard AttnRes Full,standard_attnres,Standard AttnRes,8,18,0.9489317584112742,0.22341437146590076,0.235437764081104,0.38228111795944797,0.5
Jonnester/LR-AttnRes-Full,Standard AttnRes Full,standard_attnres,Standard AttnRes,8,19,0.8658280683344428,0.1547983597710396,0.1787864882560561,0.41060675587197193,0.5
Jonnester/LR-AttnRes-Full,Standard AttnRes Full,standard_attnres,Standard AttnRes,8,20,0.9576587867449848,0.234602921644256,0.24497548071548,0.41453177436676486,0.5
Jonnester/LR-AttnRes-Full,Standard AttnRes Full,standard_attnres,Standard AttnRes,8,21,0.9655915773776549,0.1551767603877861,0.16070641462015833,0.6262519075160198,0.5843461877589027
Jonnester/LR-AttnRes-Full,Standard AttnRes Full,standard_attnres,Standard AttnRes,8,22,0.9818220013772455,0.37989960690417013,0.38693327952650075,0.34385234146383103,0.5
Jonnester/LR-AttnRes-Full,Standard AttnRes Full,standard_attnres,Standard AttnRes,8,23,0.9672193573096889,0.10978307519505562,0.11350380279858766,0.5361736418715924,0.5709481910010363
Jonnester/LR-AttnRes-Full,Standard AttnRes Full,standard_attnres,Standard AttnRes,8,24,0.9604060458524788,0.5303012819864173,0.5521636231638979,0.25939016704315276,0.5
Jonnester/LR-AttnRes-Full,Standard AttnRes Full,standard_attnres,Standard AttnRes,8,25,0.6547698855013927,0.1294231998991615,0.19766211422514518,0.40116894288742744,0.5
Jonnester/LR-AttnRes-Full,Standard AttnRes Full,standard_attnres,Standard AttnRes,8,26,0.9625687408166355,0.40141960405138877,0.4170295450388589,0.29148522748057054,0.5
Jonnester/LR-AttnRes-Full,Standard AttnRes Full,standard_attnres,Standard AttnRes,8,27,0.9611627244772919,0.18072634024941803,0.18802886925073195,0.47401374699198123,0.5680281816173471
Jonnester/LR-AttnRes-Full,Standard AttnRes Full,standard_attnres,Standard AttnRes,8,28,0.9655064168429699,0.2829425538165071,0.2930509304554161,0.3576463476640331,0.5
Jonnester/LR-AttnRes-Full,Standard AttnRes Full,standard_attnres,Standard AttnRes,8,29,0.9690067404918978,0.2600697629782181,0.26838798133251235,0.45112879454564686,0.5610467872983941
Jonnester/LR-AttnRes-Full,Standard AttnRes Full,standard_attnres,Standard AttnRes,8,30,0.9666719983059276,0.538188660543836,0.5567438195034099,0.22162809024829505,0.5
Jonnester/LR-AttnRes-Full,Standard AttnRes Full,standard_attnres,Standard AttnRes,8,31,0.8519664546512673,0.31403889087960124,0.36860476039299667,0.3370526066938475,0.5
Jonnester/LR-AttnRes-Full,Standard AttnRes Full,standard_attnres,Standard AttnRes,8,32,0.9711104271634353,0.40394098367125586,0.41595782762949746,0.39064920653543045,0.5
Jonnester/LR-AttnRes-Full,Standard AttnRes Full,standard_attnres,Standard AttnRes,8,33,0.9734792634049748,0.19170567052827547,0.19692835557455984,0.6666283687707922,0.5741092123403119
Jonnester/LR-AttnRes-Full,Standard AttnRes Full,standard_attnres,Standard AttnRes,8,34,0.9740681243890981,0.25551270060118186,0.26231502109919735,0.5002183472841749,0.5
Jonnester/LR-AttnRes-Full,Standard AttnRes Full,standard_attnres,Standard AttnRes,8,35,0.9644629699386262,0.3512594157265786,0.36420207584427117,0.3830620347077447,0.553864878485536
Jonnester/LR-AttnRes-Full,Standard AttnRes Full,standard_attnres,Standard AttnRes,8,36,0.9723428001407746,0.2909457340526084,0.2992213589800692,0.4311071192878781,0.5
Jonnester/LR-AttnRes-Full,Standard AttnRes Full,standard_attnres,Standard AttnRes,8,37,0.8640584218811729,0.4543675485888602,0.5258528093501365,0.23707359532493172,0.5
Jonnester/LR-AttnRes-Full,Standard AttnRes Full,standard_attnres,Standard AttnRes,8,38,0.9751341094095374,0.37536954036506837,0.3849414524042871,0.45621609947704933,0.5
Jonnester/LR-AttnRes-Full,Standard AttnRes Full,standard_attnres,Standard AttnRes,8,39,0.9768063612788636,0.2578575911297245,0.26398025376506534,0.6881721504278329,0.5638468989692818
Jonnester/LR-AttnRes-Full,Standard AttnRes Full,standard_attnres,Standard AttnRes,8,40,0.9686304325298443,0.2964643664976082,0.3060655091367614,0.3926448881124725,0.5
Jonnester/LR-AttnRes-Full,Standard AttnRes Full,standard_attnres,Standard AttnRes,8,41,0.9818424622535826,0.16899120131643808,0.17211641155604487,0.5597569159164935,0.5597599695002969
Jonnester/LR-AttnRes-Full,Standard AttnRes Full,standard_attnres,Standard AttnRes,8,42,0.9713168742070809,0.4062455689243033,0.4182420585001526,0.4131294524097289,0.5
Jonnester/LR-AttnRes-Full,Standard AttnRes Full,standard_attnres,Standard AttnRes,8,43,0.9498473622872138,0.2580391344608648,0.27166379010571934,0.36416810494714036,0.5
Jonnester/LR-AttnRes-Full,Standard AttnRes Full,standard_attnres,Standard AttnRes,8,44,0.9757446519362294,0.39715312151484405,0.40702567083175806,0.39706803735554536,0.5
Jonnester/LR-AttnRes-Full,Standard AttnRes Full,standard_attnres,Standard AttnRes,8,45,0.9799727355376098,0.3763042879928165,0.3839946504086945,0.6012286219700655,0.5269602139407198
Jonnester/LR-AttnRes-Full,Standard AttnRes Full,standard_attnres,Standard AttnRes,8,46,0.9732987836260741,0.4254257195076444,0.4370967339779253,0.40174547174441944,0.5
Jonnester/LR-AttnRes-Full,Standard AttnRes Full,standard_attnres,Standard AttnRes,8,47,0.9786533933952526,0.33601781665782887,0.34334711239500093,0.4613305159134557,0.5280460185318547
Jonnester/LR-AttnRes-Full,Standard AttnRes Full,standard_attnres,Standard AttnRes,8,48,0.9751576270493566,0.24252105494525766,0.24869933661810217,0.5443542672469055,0.5
Jonnester/LR-AttnRes-tail-r16,Sliced LR-AttnRes Full r=16,sliced_lr_attnres,Sliced LR-AttnRes,8,1,0.0,0.0,0.0,0.0,0.0
Jonnester/LR-AttnRes-tail-r16,Sliced LR-AttnRes Full r=16,sliced_lr_attnres,Sliced LR-AttnRes,8,2,0.5618418372743498,0.12180704362993315,0.21679952532700808,0.39160023733649596,0.5
Jonnester/LR-AttnRes-tail-r16,Sliced LR-AttnRes Full r=16,sliced_lr_attnres,Sliced LR-AttnRes,8,3,0.6162459141597515,0.05755985364681342,0.09340403290997235,0.7133686831216528,0.6666666666666666
Jonnester/LR-AttnRes-tail-r16,Sliced LR-AttnRes Full r=16,sliced_lr_attnres,Sliced LR-AttnRes,8,4,0.622379067164611,0.013415106973512341,0.02155456004429568,0.48922271997785216,0.5
Jonnester/LR-AttnRes-tail-r16,Sliced LR-AttnRes Full r=16,sliced_lr_attnres,Sliced LR-AttnRes,8,5,0.7253870572743377,0.07976843370654717,0.10996671763937904,0.6549833588196895,0.6
Jonnester/LR-AttnRes-tail-r16,Sliced LR-AttnRes Full r=16,sliced_lr_attnres,Sliced LR-AttnRes,8,6,0.7485158065470253,0.005147160916793539,0.006876489276208986,0.4965617553618955,0.5
Jonnester/LR-AttnRes-tail-r16,Sliced LR-AttnRes Full r=16,sliced_lr_attnres,Sliced LR-AttnRes,8,7,0.5934692007012483,0.024551792721438166,0.041369952631792106,0.47931502368410395,0.5
Jonnester/LR-AttnRes-tail-r16,Sliced LR-AttnRes Full r=16,sliced_lr_attnres,Sliced LR-AttnRes,8,8,0.7807115054106324,0.04159862850981998,0.05328297100981017,0.473358514495095,0.5
Jonnester/LR-AttnRes-tail-r16,Sliced LR-AttnRes Full r=16,sliced_lr_attnres,Sliced LR-AttnRes,8,9,0.7936353352132851,0.033009878907423275,0.041593257561487046,0.559319778293722,0.5801164070744655
Jonnester/LR-AttnRes-tail-r16,Sliced LR-AttnRes Full r=16,sliced_lr_attnres,Sliced LR-AttnRes,8,10,0.836792706837499,0.06927016971072533,0.08278056099762024,0.46093468539609495,0.5
Jonnester/LR-AttnRes-tail-r16,Sliced LR-AttnRes Full r=16,sliced_lr_attnres,Sliced LR-AttnRes,8,11,0.8400320132694593,0.07210932977315847,0.08584116871034982,0.5245885511350236,0.5614793104313203
Jonnester/LR-AttnRes-tail-r16,Sliced LR-AttnRes Full r=16,sliced_lr_attnres,Sliced LR-AttnRes,8,12,0.8698223144785175,0.08011084037825354,0.09210023592724476,0.4565279245651214,0.5
Jonnester/LR-AttnRes-tail-r16,Sliced LR-AttnRes Full r=16,sliced_lr_attnres,Sliced LR-AttnRes,8,13,0.7648857099920269,0.1116673883080967,0.14599225328612914,0.4369339774840859,0.5
Jonnester/LR-AttnRes-tail-r16,Sliced LR-AttnRes Full r=16,sliced_lr_attnres,Sliced LR-AttnRes,8,14,0.9032768348186482,0.06896191989866705,0.07634638378887754,0.4639398403974005,0.5
Jonnester/LR-AttnRes-tail-r16,Sliced LR-AttnRes Full r=16,sliced_lr_attnres,Sliced LR-AttnRes,8,15,0.9059866688600402,0.11348382312915506,0.12525992603395184,0.49360923571140014,0.5465028126384808
Jonnester/LR-AttnRes-tail-r16,Sliced LR-AttnRes Full r=16,sliced_lr_attnres,Sliced LR-AttnRes,8,16,0.9107593987288514,0.19059202686800214,0.2092671534699634,0.40361606374343423,0.5
Jonnester/LR-AttnRes-tail-r16,Sliced LR-AttnRes Full r=16,sliced_lr_attnres,Sliced LR-AttnRes,8,17,0.9185371539759927,0.14683566730681463,0.15985816868835379,0.47623551061744496,0.5469275329179871
Jonnester/LR-AttnRes-tail-r16,Sliced LR-AttnRes Full r=16,sliced_lr_attnres,Sliced LR-AttnRes,8,18,0.9296144114852678,0.07201237084601468,0.07746477459504823,0.4661960993070711,0.5
Jonnester/LR-AttnRes-tail-r16,Sliced LR-AttnRes Full r=16,sliced_lr_attnres,Sliced LR-AttnRes,8,19,0.8444233712838676,0.07187148572771054,0.08511309394295495,0.4646014705976994,0.5
Jonnester/LR-AttnRes-tail-r16,Sliced LR-AttnRes Full r=16,sliced_lr_attnres,Sliced LR-AttnRes,8,20,0.937783513203021,0.06634788380224045,0.07074968035600002,0.4655586851145165,0.5
Jonnester/LR-AttnRes-tail-r16,Sliced LR-AttnRes Full r=16,sliced_lr_attnres,Sliced LR-AttnRes,8,21,0.9396790367498145,0.07301028589730664,0.07769704658926568,0.5209652746694929,0.5347287154897761
Jonnester/LR-AttnRes-tail-r16,Sliced LR-AttnRes Full r=16,sliced_lr_attnres,Sliced LR-AttnRes,8,22,0.9493524451263067,0.05177795886993408,0.05454029126458433,0.48528093310973347,0.5
Jonnester/LR-AttnRes-tail-r16,Sliced LR-AttnRes Full r=16,sliced_lr_attnres,Sliced LR-AttnRes,8,23,0.9452767295202589,0.07274346247436558,0.07695467390938937,0.5164589435401147,0.5294122858039733
Jonnester/LR-AttnRes-tail-r16,Sliced LR-AttnRes Full r=16,sliced_lr_attnres,Sliced LR-AttnRes,8,24,0.9540535835927823,0.045969177688646154,0.04818301453838166,0.478279762574138,0.5
Jonnester/LR-AttnRes-tail-r16,Sliced LR-AttnRes Full r=16,sliced_lr_attnres,Sliced LR-AttnRes,8,25,0.8965259288869254,0.0674109470129498,0.07519129658262459,0.4707451500788881,0.5
Jonnester/LR-AttnRes-tail-r16,Sliced LR-AttnRes Full r=16,sliced_lr_attnres,Sliced LR-AttnRes,8,26,0.9567476755871279,0.0652443854880285,0.0681939315378947,0.47912096285505623,0.5
Jonnester/LR-AttnRes-tail-r16,Sliced LR-AttnRes Full r=16,sliced_lr_attnres,Sliced LR-AttnRes,8,27,0.9522295939486202,0.078329696746538,0.08225925474730043,0.5068553212217647,0.527158794691838
Jonnester/LR-AttnRes-tail-r16,Sliced LR-AttnRes Full r=16,sliced_lr_attnres,Sliced LR-AttnRes,8,28,0.9595898110873816,0.05929818146718223,0.061795342949699635,0.4757392169671002,0.5
Jonnester/LR-AttnRes-tail-r16,Sliced LR-AttnRes Full r=16,sliced_lr_attnres,Sliced LR-AttnRes,8,29,0.956372042754438,0.07111372868038292,0.07435780794633953,0.5081480381221857,0.5235854314381909
Jonnester/LR-AttnRes-tail-r16,Sliced LR-AttnRes Full r=16,sliced_lr_attnres,Sliced LR-AttnRes,8,30,0.964366025662398,0.03752648398825306,0.038913112853055036,0.491680634216304,0.5
Jonnester/LR-AttnRes-tail-r16,Sliced LR-AttnRes Full r=16,sliced_lr_attnres,Sliced LR-AttnRes,8,31,0.9350984619127782,0.06385294137507429,0.06828472505928493,0.48190110392821367,0.5
Jonnester/LR-AttnRes-tail-r16,Sliced LR-AttnRes Full r=16,sliced_lr_attnres,Sliced LR-AttnRes,8,32,0.9623782703183531,0.0815500461049681,0.08473803765123612,0.4631090104775142,0.5
Jonnester/LR-AttnRes-tail-r16,Sliced LR-AttnRes Full r=16,sliced_lr_attnres,Sliced LR-AttnRes,8,33,0.9615220319388843,0.06814408878768037,0.07087106329770684,0.5047635240322325,0.5215691894575047
Jonnester/LR-AttnRes-tail-r16,Sliced LR-AttnRes Full r=16,sliced_lr_attnres,Sliced LR-AttnRes,8,34,0.9659491013432664,0.05784534455496603,0.05988446438277673,0.4719072957686665,0.5
Jonnester/LR-AttnRes-tail-r16,Sliced LR-AttnRes Full r=16,sliced_lr_attnres,Sliced LR-AttnRes,8,35,0.9638612625620715,0.061149445700088186,0.06344216546014601,0.5119966206093647,0.5221952273257305
Jonnester/LR-AttnRes-tail-r16,Sliced LR-AttnRes Full r=16,sliced_lr_attnres,Sliced LR-AttnRes,8,36,0.9726676090537169,0.025764974114310866,0.026488981307167144,0.49642917984654883,0.5
Jonnester/LR-AttnRes-tail-r16,Sliced LR-AttnRes Full r=16,sliced_lr_attnres,Sliced LR-AttnRes,8,37,0.9392037393101227,0.05988493544329711,0.06376138950137128,0.4976753662347961,0.5
Jonnester/LR-AttnRes-tail-r16,Sliced LR-AttnRes Full r=16,sliced_lr_attnres,Sliced LR-AttnRes,8,38,0.9711917144496266,0.030540490447263417,0.03144640753506704,0.48835858423959594,0.5
Jonnester/LR-AttnRes-tail-r16,Sliced LR-AttnRes Full r=16,sliced_lr_attnres,Sliced LR-AttnRes,8,39,0.9685016894728187,0.09420207460337698,0.09726578242176706,0.5048449842825075,0.5180283895498512
Jonnester/LR-AttnRes-tail-r16,Sliced LR-AttnRes Full r=16,sliced_lr_attnres,Sliced LR-AttnRes,8,40,0.9750882163340969,0.03271905756820507,0.03355497176574889,0.48598498686155267,0.5
Jonnester/LR-AttnRes-tail-r16,Sliced LR-AttnRes Full r=16,sliced_lr_attnres,Sliced LR-AttnRes,8,41,0.9704733251677296,0.12008967758497094,0.1237434089846988,0.49919797929831805,0.5172275381089184
Jonnester/LR-AttnRes-tail-r16,Sliced LR-AttnRes Full r=16,sliced_lr_attnres,Sliced LR-AttnRes,8,42,0.9794735942808229,0.040992561508182125,0.041851624941743173,0.5027178142775915,0.5
Jonnester/LR-AttnRes-tail-r16,Sliced LR-AttnRes Full r=16,sliced_lr_attnres,Sliced LR-AttnRes,8,43,0.946213592555586,0.12118638620325703,0.12807508490334632,0.4970574505401063,0.5
Jonnester/LR-AttnRes-tail-r16,Sliced LR-AttnRes Full r=16,sliced_lr_attnres,Sliced LR-AttnRes,8,44,0.9802670192912342,0.04454049834512111,0.04543710791915184,0.4993063443016817,0.5
Jonnester/LR-AttnRes-tail-r16,Sliced LR-AttnRes Full r=16,sliced_lr_attnres,Sliced LR-AttnRes,8,45,0.9767429031795118,0.118191650006062,0.12100589584149761,0.525625125160337,0.5155614821592195
Jonnester/LR-AttnRes-tail-r16,Sliced LR-AttnRes Full r=16,sliced_lr_attnres,Sliced LR-AttnRes,8,46,0.9807229524675182,0.04337909340676736,0.04423175097271326,0.5077824386200395,0.5
Jonnester/LR-AttnRes-tail-r16,Sliced LR-AttnRes Full r=16,sliced_lr_attnres,Sliced LR-AttnRes,8,47,0.9783692763194565,0.08469066778273596,0.08656309006486301,0.5385703401706331,0.5146728467639669
Jonnester/LR-AttnRes-tail-r16,Sliced LR-AttnRes Full r=16,sliced_lr_attnres,Sliced LR-AttnRes,8,48,0.9768160624520443,0.11831370036201014,0.12112178014867422,0.5499052496635195,0.5
Jonnester/LR-AttnRes-tail-r32,Sliced LR-AttnRes Full r=32,sliced_lr_attnres,Sliced LR-AttnRes,8,1,0.0,0.0,0.0,0.0,0.0
Jonnester/LR-AttnRes-tail-r32,Sliced LR-AttnRes Full r=32,sliced_lr_attnres,Sliced LR-AttnRes,8,2,0.6300457683278293,0.2861118756416367,0.4541128438986121,0.2729435780506939,0.5
Jonnester/LR-AttnRes-tail-r32,Sliced LR-AttnRes Full r=32,sliced_lr_attnres,Sliced LR-AttnRes,8,3,0.4925008058790269,0.0008317345203101167,0.0016887982930822165,0.6675110658132077,0.6666666666666666
Jonnester/LR-AttnRes-tail-r32,Sliced LR-AttnRes Full r=32,sliced_lr_attnres,Sliced LR-AttnRes,8,4,0.6220275193937426,0.08818008732504955,0.1417623570915223,0.42911882145423885,0.5
Jonnester/LR-AttnRes-tail-r32,Sliced LR-AttnRes Full r=32,sliced_lr_attnres,Sliced LR-AttnRes,8,5,0.6516886842323513,0.03276687901679093,0.05027995699417165,0.6251399784970858,0.6
Jonnester/LR-AttnRes-tail-r32,Sliced LR-AttnRes Full r=32,sliced_lr_attnres,Sliced LR-AttnRes,8,6,0.7133903744804666,0.06421114804177751,0.09000843064155427,0.45499578467922286,0.5
Jonnester/LR-AttnRes-tail-r32,Sliced LR-AttnRes Full r=32,sliced_lr_attnres,Sliced LR-AttnRes,8,7,0.5136894285375995,0.0886511600053892,0.1725773494264159,0.41371132528679205,0.5
Jonnester/LR-AttnRes-tail-r32,Sliced LR-AttnRes Full r=32,sliced_lr_attnres,Sliced LR-AttnRes,8,8,0.7825018632702712,0.04535032415050802,0.05795554781298241,0.4710222260935088,0.5
Jonnester/LR-AttnRes-tail-r32,Sliced LR-AttnRes Full r=32,sliced_lr_attnres,Sliced LR-AttnRes,8,9,0.7411136650821057,0.07425676595147063,0.10019619047672525,0.5404279798067588,0.5905260750451214
Jonnester/LR-AttnRes-tail-r32,Sliced LR-AttnRes Full r=32,sliced_lr_attnres,Sliced LR-AttnRes,8,10,0.7912131162829756,0.08719559351542609,0.11020493937848318,0.44489753031075846,0.5
Jonnester/LR-AttnRes-tail-r32,Sliced LR-AttnRes Full r=32,sliced_lr_attnres,Sliced LR-AttnRes,8,11,0.7625803357913968,0.10028044552034955,0.1315014835994685,0.5022512579918486,0.5680019997915827
Jonnester/LR-AttnRes-tail-r32,Sliced LR-AttnRes Full r=32,sliced_lr_attnres,Sliced LR-AttnRes,8,12,0.8303319876634978,0.10598499936664983,0.12764171553222342,0.4361791422338882,0.5
Jonnester/LR-AttnRes-tail-r32,Sliced LR-AttnRes Full r=32,sliced_lr_attnres,Sliced LR-AttnRes,8,13,0.6978243378604331,0.11933406439375108,0.17100874520890993,0.4144956273955451,0.5
Jonnester/LR-AttnRes-tail-r32,Sliced LR-AttnRes Full r=32,sliced_lr_attnres,Sliced LR-AttnRes,8,14,0.8793089877723194,0.09523655301550546,0.10830840391701442,0.4458457980414928,0.5
Jonnester/LR-AttnRes-tail-r32,Sliced LR-AttnRes Full r=32,sliced_lr_attnres,Sliced LR-AttnRes,8,15,0.8763329505890124,0.11881042013908955,0.13557680338190312,0.4879410206754424,0.555729422366394
Jonnester/LR-AttnRes-tail-r32,Sliced LR-AttnRes Full r=32,sliced_lr_attnres,Sliced LR-AttnRes,8,16,0.8946802463170473,0.17157578586441713,0.1917733028874943,0.40411334855625286,0.5
Jonnester/LR-AttnRes-tail-r32,Sliced LR-AttnRes Full r=32,sliced_lr_attnres,Sliced LR-AttnRes,8,17,0.9001424295025143,0.11925812872444715,0.13248806501695298,0.48631389644364786,0.5525579289521243
Jonnester/LR-AttnRes-tail-r32,Sliced LR-AttnRes Full r=32,sliced_lr_attnres,Sliced LR-AttnRes,8,18,0.9238854271882191,0.06932297729076899,0.07503417117612585,0.46248291441193706,0.5
Jonnester/LR-AttnRes-tail-r32,Sliced LR-AttnRes Full r=32,sliced_lr_attnres,Sliced LR-AttnRes,8,19,0.8068797768101217,0.07940744840335554,0.09841298627818011,0.4576235567139211,0.5
Jonnester/LR-AttnRes-tail-r32,Sliced LR-AttnRes Full r=32,sliced_lr_attnres,Sliced LR-AttnRes,8,20,0.9431553554789323,0.06482878515148555,0.06873606217139659,0.5001092970338019,0.5
Jonnester/LR-AttnRes-tail-r32,Sliced LR-AttnRes Full r=32,sliced_lr_attnres,Sliced LR-AttnRes,8,21,0.9303587341635692,0.10853069236244617,0.11665467134031877,0.5525464769518459,0.5443321373466773
Jonnester/LR-AttnRes-tail-r32,Sliced LR-AttnRes Full r=32,sliced_lr_attnres,Sliced LR-AttnRes,8,22,0.9460423849598785,0.05510071237245945,0.058243386605554955,0.5029632292343201,0.5
Jonnester/LR-AttnRes-tail-r32,Sliced LR-AttnRes Full r=32,sliced_lr_attnres,Sliced LR-AttnRes,8,23,0.9303266571577243,0.08026157351347009,0.08627246451120751,0.5149266203677157,0.5337924496486982
Jonnester/LR-AttnRes-tail-r32,Sliced LR-AttnRes Full r=32,sliced_lr_attnres,Sliced LR-AttnRes,8,24,0.949590027938044,0.041561773364863684,0.043768123234309474,0.48547362342783534,0.5
Jonnester/LR-AttnRes-tail-r32,Sliced LR-AttnRes Full r=32,sliced_lr_attnres,Sliced LR-AttnRes,8,25,0.8917364940440994,0.1080494169751561,0.12116742748201656,0.4394162862589917,0.5
Jonnester/LR-AttnRes-tail-r32,Sliced LR-AttnRes Full r=32,sliced_lr_attnres,Sliced LR-AttnRes,8,26,0.9506963202956972,0.048090687142760755,0.05058469893709382,0.4773631376335954,0.5
Jonnester/LR-AttnRes-tail-r32,Sliced LR-AttnRes Full r=32,sliced_lr_attnres,Sliced LR-AttnRes,8,27,0.9369252285867082,0.08332490394785394,0.08893442230554964,0.5044291474710537,0.5338469092898205
Jonnester/LR-AttnRes-tail-r32,Sliced LR-AttnRes Full r=32,sliced_lr_attnres,Sliced LR-AttnRes,8,28,0.9496323058941984,0.06267796202403746,0.06600234810358338,0.5011847068665543,0.5
Jonnester/LR-AttnRes-tail-r32,Sliced LR-AttnRes Full r=32,sliced_lr_attnres,Sliced LR-AttnRes,8,29,0.9366711538466739,0.08913486389428144,0.0951613205213237,0.48478892565778453,0.5283098938989356
Jonnester/LR-AttnRes-tail-r32,Sliced LR-AttnRes Full r=32,sliced_lr_attnres,Sliced LR-AttnRes,8,30,0.9593428995429985,0.08924413887344726,0.0930263192816254,0.5125123221979185,0.5
Jonnester/LR-AttnRes-tail-r32,Sliced LR-AttnRes Full r=32,sliced_lr_attnres,Sliced LR-AttnRes,8,31,0.8840588351211895,0.07655788385650007,0.08659817742334454,0.4588818688880492,0.5
Jonnester/LR-AttnRes-tail-r32,Sliced LR-AttnRes Full r=32,sliced_lr_attnres,Sliced LR-AttnRes,8,32,0.9550663515985982,0.06064047918813979,0.06349347255993182,0.4826657697718938,0.5
Jonnester/LR-AttnRes-tail-r32,Sliced LR-AttnRes Full r=32,sliced_lr_attnres,Sliced LR-AttnRes,8,33,0.9499829486693913,0.07330408511395614,0.07716357984807061,0.5031014137148673,0.5325916661572482
Jonnester/LR-AttnRes-tail-r32,Sliced LR-AttnRes Full r=32,sliced_lr_attnres,Sliced LR-AttnRes,8,34,0.9580891810403,0.058164774379655074,0.06070914433716843,0.47619469591383434,0.5
Jonnester/LR-AttnRes-tail-r32,Sliced LR-AttnRes Full r=32,sliced_lr_attnres,Sliced LR-AttnRes,8,35,0.952182341177713,0.10608715284010012,0.11141474510951917,0.5358155496742827,0.5304936316954915
Jonnester/LR-AttnRes-tail-r32,Sliced LR-AttnRes Full r=32,sliced_lr_attnres,Sliced LR-AttnRes,8,36,0.9666012728935092,0.08676450116544719,0.08976245283199215,0.511789256625051,0.5
Jonnester/LR-AttnRes-tail-r32,Sliced LR-AttnRes Full r=32,sliced_lr_attnres,Sliced LR-AttnRes,8,37,0.9219457171554488,0.10499542317073032,0.1138846042852511,0.5106241927665773,0.5
Jonnester/LR-AttnRes-tail-r32,Sliced LR-AttnRes Full r=32,sliced_lr_attnres,Sliced LR-AttnRes,8,38,0.9678327382837492,0.06308618639936538,0.06518294319247317,0.5016424776212516,0.5
Jonnester/LR-AttnRes-tail-r32,Sliced LR-AttnRes Full r=32,sliced_lr_attnres,Sliced LR-AttnRes,8,39,0.959775324441432,0.1203645760582149,0.12540911710588562,0.5147634615510219,0.5229138797222384
Jonnester/LR-AttnRes-tail-r32,Sliced LR-AttnRes Full r=32,sliced_lr_attnres,Sliced LR-AttnRes,8,40,0.9720320790869795,0.0949849858198588,0.0977179538241961,0.4748868150181893,0.5
Jonnester/LR-AttnRes-tail-r32,Sliced LR-AttnRes Full r=32,sliced_lr_attnres,Sliced LR-AttnRes,8,41,0.9630174713921015,0.14440779074481347,0.1499534484416602,0.5094571665256996,0.5223486005669113
Jonnester/LR-AttnRes-tail-r32,Sliced LR-AttnRes Full r=32,sliced_lr_attnres,Sliced LR-AttnRes,8,42,0.9781097599297641,0.07391350698937486,0.0755677021305691,0.5065811786760224,0.5
Jonnester/LR-AttnRes-tail-r32,Sliced LR-AttnRes Full r=32,sliced_lr_attnres,Sliced LR-AttnRes,8,43,0.9433985497439052,0.14782013736544097,0.15668895972499447,0.5273690546071422,0.5
Jonnester/LR-AttnRes-tail-r32,Sliced LR-AttnRes Full r=32,sliced_lr_attnres,Sliced LR-AttnRes,8,44,0.9798190454778269,0.0676767997731402,0.06907071268464306,0.5029421241435823,0.5
Jonnester/LR-AttnRes-tail-r32,Sliced LR-AttnRes Full r=32,sliced_lr_attnres,Sliced LR-AttnRes,8,45,0.9704504179488112,0.17988294578563713,0.1853602641192592,0.5643444003607225,0.516246482911279
Jonnester/LR-AttnRes-tail-r32,Sliced LR-AttnRes Full r=32,sliced_lr_attnres,Sliced LR-AttnRes,8,46,0.9813870698577021,0.06546410245866315,0.06670569082202726,0.501419845918852,0.5
Jonnester/LR-AttnRes-tail-r32,Sliced LR-AttnRes Full r=32,sliced_lr_attnres,Sliced LR-AttnRes,8,47,0.9737953128883752,0.2038392961782411,0.20932458133694767,0.5871107335035824,0.5146395151298009
Jonnester/LR-AttnRes-tail-r32,Sliced LR-AttnRes Full r=32,sliced_lr_attnres,Sliced LR-AttnRes,8,48,0.973106164182347,0.19608059213534593,0.20149969176292576,0.5953892979692667,0.5
Jonnester/LR-AttnRes-tail-r64,Sliced LR-AttnRes Full r=64,sliced_lr_attnres,Sliced LR-AttnRes,8,1,0.0,0.0,0.0,0.0,0.0
Jonnester/LR-AttnRes-tail-r64,Sliced LR-AttnRes Full r=64,sliced_lr_attnres,Sliced LR-AttnRes,8,2,0.5554872468961933,0.37955175534011876,0.6832771723579236,0.1583614138210382,0.5
Jonnester/LR-AttnRes-tail-r64,Sliced LR-AttnRes Full r=64,sliced_lr_attnres,Sliced LR-AttnRes,8,3,0.426812911360729,0.09501789801004451,0.22262189235821483,0.5553557204875592,0.6666666666666666
Jonnester/LR-AttnRes-tail-r64,Sliced LR-AttnRes Full r=64,sliced_lr_attnres,Sliced LR-AttnRes,8,4,0.5926750494333787,0.22179861106281357,0.374233083162286,0.312883458418857,0.5
Jonnester/LR-AttnRes-tail-r64,Sliced LR-AttnRes Full r=64,sliced_lr_attnres,Sliced LR-AttnRes,8,5,0.5778486933407745,0.08302265788481489,0.1436754272209697,0.5281622863895151,0.6
Jonnester/LR-AttnRes-tail-r64,Sliced LR-AttnRes Full r=64,sliced_lr_attnres,Sliced LR-AttnRes,8,6,0.7050534294297298,0.21353415876808696,0.30286237872894306,0.34856881063552847,0.5
Jonnester/LR-AttnRes-tail-r64,Sliced LR-AttnRes Full r=64,sliced_lr_attnres,Sliced LR-AttnRes,8,7,0.4193952069504232,0.16132700202486866,0.384665822001011,0.3076670889994945,0.5
Jonnester/LR-AttnRes-tail-r64,Sliced LR-AttnRes Full r=64,sliced_lr_attnres,Sliced LR-AttnRes,8,8,0.7764484302663222,0.14766481542974957,0.19017981062708889,0.4049100946864556,0.5
Jonnester/LR-AttnRes-tail-r64,Sliced LR-AttnRes Full r=64,sliced_lr_attnres,Sliced LR-AttnRes,8,9,0.6940385734102106,0.16340751131254477,0.23544442279285677,0.4882671666715033,0.6059893780679317
Jonnester/LR-AttnRes-tail-r64,Sliced LR-AttnRes Full r=64,sliced_lr_attnres,Sliced LR-AttnRes,8,10,0.8018095030608337,0.1496579523115017,0.18665026011814065,0.40667486994092966,0.5
Jonnester/LR-AttnRes-tail-r64,Sliced LR-AttnRes Full r=64,sliced_lr_attnres,Sliced LR-AttnRes,8,11,0.6946939190895092,0.1626820033340434,0.23417795789440662,0.4562838072333934,0.5733727861805967
Jonnester/LR-AttnRes-tail-r64,Sliced LR-AttnRes Full r=64,sliced_lr_attnres,Sliced LR-AttnRes,8,12,0.8136063065773588,0.15997800318811975,0.19662827327520085,0.4016858633623996,0.5
Jonnester/LR-AttnRes-tail-r64,Sliced LR-AttnRes Full r=64,sliced_lr_attnres,Sliced LR-AttnRes,8,13,0.562254068888421,0.13916641181501435,0.2475151706596753,0.3762424146701624,0.5
Jonnester/LR-AttnRes-tail-r64,Sliced LR-AttnRes Full r=64,sliced_lr_attnres,Sliced LR-AttnRes,8,14,0.8675810981738737,0.16593705778714363,0.1912640306899446,0.4043679846550277,0.5
Jonnester/LR-AttnRes-tail-r64,Sliced LR-AttnRes Full r=64,sliced_lr_attnres,Sliced LR-AttnRes,8,15,0.8451575063759598,0.19761406124233794,0.23381921091810232,0.45116818453350144,0.5680777899925525
Jonnester/LR-AttnRes-tail-r64,Sliced LR-AttnRes Full r=64,sliced_lr_attnres,Sliced LR-AttnRes,8,16,0.9113749625252151,0.17628397061905968,0.19342639184492894,0.40328680407753553,0.5
Jonnester/LR-AttnRes-tail-r64,Sliced LR-AttnRes Full r=64,sliced_lr_attnres,Sliced LR-AttnRes,8,17,0.8815092678461981,0.1605668795499496,0.18214996189690047,0.4628145987337637,0.5538895796822139
Jonnester/LR-AttnRes-tail-r64,Sliced LR-AttnRes Full r=64,sliced_lr_attnres,Sliced LR-AttnRes,8,18,0.9212878483188588,0.11448080987646814,0.12426171699254433,0.43786914150372785,0.5
Jonnester/LR-AttnRes-tail-r64,Sliced LR-AttnRes Full r=64,sliced_lr_attnres,Sliced LR-AttnRes,8,19,0.799495365826519,0.15460597966774933,0.1933794569377116,0.4033102715311442,0.5
Jonnester/LR-AttnRes-tail-r64,Sliced LR-AttnRes Full r=64,sliced_lr_attnres,Sliced LR-AttnRes,8,20,0.9452490174188847,0.050685317838579706,0.053621127242197,0.47401283255117266,0.5
Jonnester/LR-AttnRes-tail-r64,Sliced LR-AttnRes Full r=64,sliced_lr_attnres,Sliced LR-AttnRes,8,21,0.9189930289256864,0.12802781377664105,0.1393131500968044,0.5237589252581126,0.5481727937083609
Jonnester/LR-AttnRes-tail-r64,Sliced LR-AttnRes Full r=64,sliced_lr_attnres,Sliced LR-AttnRes,8,22,0.9540178118637059,0.07072282875547324,0.07413156009877196,0.5019000763983823,0.5
Jonnester/LR-AttnRes-tail-r64,Sliced LR-AttnRes Full r=64,sliced_lr_attnres,Sliced LR-AttnRes,8,23,0.923534641481512,0.10105593951979308,0.10942300914417415,0.4821694629894222,0.5368809675615093
Jonnester/LR-AttnRes-tail-r64,Sliced LR-AttnRes Full r=64,sliced_lr_attnres,Sliced LR-AttnRes,8,24,0.9566719056962709,0.04966858385236772,0.05191809601246591,0.479249131693173,0.5
Jonnester/LR-AttnRes-tail-r64,Sliced LR-AttnRes Full r=64,sliced_lr_attnres,Sliced LR-AttnRes,8,25,0.8462752742859406,0.22752092954346803,0.2688497897276306,0.3655751051361847,0.5
Jonnester/LR-AttnRes-tail-r64,Sliced LR-AttnRes Full r=64,sliced_lr_attnres,Sliced LR-AttnRes,8,26,0.9512365737369632,0.10169385493225677,0.10690700687921326,0.4860750040254323,0.5
Jonnester/LR-AttnRes-tail-r64,Sliced LR-AttnRes Full r=64,sliced_lr_attnres,Sliced LR-AttnRes,8,27,0.919642955806803,0.15493393063969252,0.1684718288346687,0.4548867209076357,0.5358399009788561
Jonnester/LR-AttnRes-tail-r64,Sliced LR-AttnRes Full r=64,sliced_lr_attnres,Sliced LR-AttnRes,8,28,0.9435344834289535,0.0878080342464695,0.09306287770994996,0.47762641104932924,0.5
Jonnester/LR-AttnRes-tail-r64,Sliced LR-AttnRes Full r=64,sliced_lr_attnres,Sliced LR-AttnRes,8,29,0.9180872578560034,0.20401356789412173,0.22221587997044182,0.41946477611758565,0.5305727161028067
Jonnester/LR-AttnRes-tail-r64,Sliced LR-AttnRes Full r=64,sliced_lr_attnres,Sliced LR-AttnRes,8,30,0.9533442903643217,0.14038587619012932,0.14725621961451166,0.4956499107144892,0.5
Jonnester/LR-AttnRes-tail-r64,Sliced LR-AttnRes Full r=64,sliced_lr_attnres,Sliced LR-AttnRes,8,31,0.8723621208493302,0.1495614877440096,0.17144427087044634,0.41427786456477683,0.5
Jonnester/LR-AttnRes-tail-r64,Sliced LR-AttnRes Full r=64,sliced_lr_attnres,Sliced LR-AttnRes,8,32,0.9512730363180966,0.10031199488576834,0.10545026617597197,0.4736561719092988,0.5
Jonnester/LR-AttnRes-tail-r64,Sliced LR-AttnRes Full r=64,sliced_lr_attnres,Sliced LR-AttnRes,8,33,0.9297634980232432,0.14741929227657877,0.1585556892586177,0.46247897291967516,0.5385007110463153
Jonnester/LR-AttnRes-tail-r64,Sliced LR-AttnRes Full r=64,sliced_lr_attnres,Sliced LR-AttnRes,8,34,0.9582058372869482,0.11211850017127464,0.11700878434296073,0.4658052987329557,0.5
Jonnester/LR-AttnRes-tail-r64,Sliced LR-AttnRes Full r=64,sliced_lr_attnres,Sliced LR-AttnRes,8,35,0.9391645417488143,0.15316554867715496,0.16308702242095516,0.5257361411984165,0.5369584518790351
Jonnester/LR-AttnRes-tail-r64,Sliced LR-AttnRes Full r=64,sliced_lr_attnres,Sliced LR-AttnRes,8,36,0.9579279072719014,0.06018692929661129,0.06283033288801308,0.484451536443839,0.5
Jonnester/LR-AttnRes-tail-r64,Sliced LR-AttnRes Full r=64,sliced_lr_attnres,Sliced LR-AttnRes,8,37,0.8807421076997388,0.13575261329277988,0.1541343511409136,0.5027075033123948,0.5
Jonnester/LR-AttnRes-tail-r64,Sliced LR-AttnRes Full r=64,sliced_lr_attnres,Sliced LR-AttnRes,8,38,0.9658910404678769,0.04268178910138162,0.04418903097051878,0.489381150766573,0.5
Jonnester/LR-AttnRes-tail-r64,Sliced LR-AttnRes Full r=64,sliced_lr_attnres,Sliced LR-AttnRes,8,39,0.9460723049242079,0.18270067606615986,0.19311491850593432,0.5292072350322158,0.5288690440394108
Jonnester/LR-AttnRes-tail-r64,Sliced LR-AttnRes Full r=64,sliced_lr_attnres,Sliced LR-AttnRes,8,40,0.9688532117875369,0.08511566641793507,0.08785197322192535,0.46871832818889064,0.5
Jonnester/LR-AttnRes-tail-r64,Sliced LR-AttnRes Full r=64,sliced_lr_attnres,Sliced LR-AttnRes,8,41,0.9504355195061704,0.19925042641296137,0.20964118272482954,0.4899362598709253,0.5257138188383568
Jonnester/LR-AttnRes-tail-r64,Sliced LR-AttnRes Full r=64,sliced_lr_attnres,Sliced LR-AttnRes,8,42,0.9784148058520888,0.09346115391898323,0.0955230372230407,0.5081040538554965,0.5
Jonnester/LR-AttnRes-tail-r64,Sliced LR-AttnRes Full r=64,sliced_lr_attnres,Sliced LR-AttnRes,8,43,0.9372938879674709,0.18383444494726814,0.19613319504932925,0.5023685900077088,0.5
Jonnester/LR-AttnRes-tail-r64,Sliced LR-AttnRes Full r=64,sliced_lr_attnres,Sliced LR-AttnRes,8,44,0.9791707216565141,0.11337158204684775,0.11578326387767307,0.5113318831999314,0.5
Jonnester/LR-AttnRes-tail-r64,Sliced LR-AttnRes Full r=64,sliced_lr_attnres,Sliced LR-AttnRes,8,45,0.9619453089364721,0.2690099159313674,0.2796519858585153,0.5710299076650835,0.5164424275331763
Jonnester/LR-AttnRes-tail-r64,Sliced LR-AttnRes Full r=64,sliced_lr_attnres,Sliced LR-AttnRes,8,46,0.9813996206408715,0.11738636568794407,0.11961117899280282,0.5194282974667872,0.5
Jonnester/LR-AttnRes-tail-r64,Sliced LR-AttnRes Full r=64,sliced_lr_attnres,Sliced LR-AttnRes,8,47,0.968509476045071,0.3268355070870763,0.3374623740613422,0.60922521291525,0.5140530021419033
Jonnester/LR-AttnRes-tail-r64,Sliced LR-AttnRes Full r=64,sliced_lr_attnres,Sliced LR-AttnRes,8,48,0.9648463815276518,0.20291358721253233,0.210306626108974,0.5812817389651397,0.5
Jonnester/LR-AttnRes-tail-r128,Sliced LR-AttnRes Full r=128,sliced_lr_attnres,Sliced LR-AttnRes,8,1,0.0,0.0,0.0,0.0,0.0
Jonnester/LR-AttnRes-tail-r128,Sliced LR-AttnRes Full r=128,sliced_lr_attnres,Sliced LR-AttnRes,8,2,0.4822437123554509,0.37000275045875614,0.7672526172534843,0.11637369137325787,0.5
Jonnester/LR-AttnRes-tail-r128,Sliced LR-AttnRes Full r=128,sliced_lr_attnres,Sliced LR-AttnRes,8,3,0.376113112349578,0.10981715769383317,0.29197907248648036,0.5206771304234264,0.6666666666666666
Jonnester/LR-AttnRes-tail-r128,Sliced LR-AttnRes Full r=128,sliced_lr_attnres,Sliced LR-AttnRes,8,4,0.6652274931803709,0.2690129531623144,0.4043924160082388,0.2978037919958806,0.5
Jonnester/LR-AttnRes-tail-r128,Sliced LR-AttnRes Full r=128,sliced_lr_attnres,Sliced LR-AttnRes,8,5,0.5972610449766724,0.1481867256203317,0.24811048178459305,0.47594475910770345,0.6
Jonnester/LR-AttnRes-tail-r128,Sliced LR-AttnRes Full r=128,sliced_lr_attnres,Sliced LR-AttnRes,8,6,0.7588711745764425,0.2292844493063243,0.3021388306576508,0.3489305846711746,0.5
Jonnester/LR-AttnRes-tail-r128,Sliced LR-AttnRes Full r=128,sliced_lr_attnres,Sliced LR-AttnRes,8,7,0.41627185719042287,0.20827135219564283,0.5003253249002837,0.24983733754985818,0.5
Jonnester/LR-AttnRes-tail-r128,Sliced LR-AttnRes Full r=128,sliced_lr_attnres,Sliced LR-AttnRes,8,8,0.7551875715863292,0.2154817093027437,0.2853353490048941,0.35733232549755295,0.5
Jonnester/LR-AttnRes-tail-r128,Sliced LR-AttnRes Full r=128,sliced_lr_attnres,Sliced LR-AttnRes,8,9,0.6498770100117578,0.29709680005655625,0.4571585015004317,0.37389177726472095,0.6024710280149368
Jonnester/LR-AttnRes-tail-r128,Sliced LR-AttnRes Full r=128,sliced_lr_attnres,Sliced LR-AttnRes,8,10,0.815206507455588,0.11255410591488693,0.13806821325088456,0.43096589337455765,0.5
Jonnester/LR-AttnRes-tail-r128,Sliced LR-AttnRes Full r=128,sliced_lr_attnres,Sliced LR-AttnRes,8,11,0.7198635053677045,0.17190467863366368,0.23880176915741158,0.4537996350712636,0.5732005196499693
Jonnester/LR-AttnRes-tail-r128,Sliced LR-AttnRes Full r=128,sliced_lr_attnres,Sliced LR-AttnRes,8,12,0.8232912438490041,0.1305306262783403,0.1585473272715631,0.4207263363642185,0.5
Jonnester/LR-AttnRes-tail-r128,Sliced LR-AttnRes Full r=128,sliced_lr_attnres,Sliced LR-AttnRes,8,13,0.5178485137762547,0.22786217719142332,0.44001705350046644,0.27999147324976675,0.5
Jonnester/LR-AttnRes-tail-r128,Sliced LR-AttnRes Full r=128,sliced_lr_attnres,Sliced LR-AttnRes,8,14,0.8741911156216591,0.10122790512803007,0.11579608087877258,0.4421019595606137,0.5
Jonnester/LR-AttnRes-tail-r128,Sliced LR-AttnRes Full r=128,sliced_lr_attnres,Sliced LR-AttnRes,8,15,0.8357847017175479,0.25247169725046686,0.3020774330178985,0.42307144220274023,0.5741101587116895
Jonnester/LR-AttnRes-tail-r128,Sliced LR-AttnRes Full r=128,sliced_lr_attnres,Sliced LR-AttnRes,8,16,0.9128175938305089,0.24841734308113403,0.27214346520062793,0.36392826739968603,0.5
Jonnester/LR-AttnRes-tail-r128,Sliced LR-AttnRes Full r=128,sliced_lr_attnres,Sliced LR-AttnRes,8,17,0.8738760030790558,0.18977874425065713,0.2171689617085053,0.45291545556115204,0.5552069485944223
Jonnester/LR-AttnRes-tail-r128,Sliced LR-AttnRes Full r=128,sliced_lr_attnres,Sliced LR-AttnRes,8,18,0.9291934340404786,0.14148232592194065,0.15226358768671328,0.42386820615664333,0.5
Jonnester/LR-AttnRes-tail-r128,Sliced LR-AttnRes Full r=128,sliced_lr_attnres,Sliced LR-AttnRes,8,19,0.7679027222566368,0.2684475888944859,0.34958541116457903,0.3252072944177104,0.5
Jonnester/LR-AttnRes-tail-r128,Sliced LR-AttnRes Full r=128,sliced_lr_attnres,Sliced LR-AttnRes,8,20,0.9531872881296264,0.0974143680934681,0.10219855982827633,0.5103535088848412,0.5
Jonnester/LR-AttnRes-tail-r128,Sliced LR-AttnRes Full r=128,sliced_lr_attnres,Sliced LR-AttnRes,8,21,0.9251026535081124,0.17805095728067805,0.1924661621123722,0.5406410126028426,0.5504686286048106
Jonnester/LR-AttnRes-tail-r128,Sliced LR-AttnRes Full r=128,sliced_lr_attnres,Sliced LR-AttnRes,8,22,0.9501833867857126,0.061838162820634784,0.06508023996275222,0.5063906486623823,0.5
Jonnester/LR-AttnRes-tail-r128,Sliced LR-AttnRes Full r=128,sliced_lr_attnres,Sliced LR-AttnRes,8,23,0.9193778350017965,0.14441350453979962,0.15707742675732164,0.46014140131678843,0.5386801146954492
Jonnester/LR-AttnRes-tail-r128,Sliced LR-AttnRes Full r=128,sliced_lr_attnres,Sliced LR-AttnRes,8,24,0.957442359919319,0.04890681232696759,0.05108068576691012,0.496372338964878,0.5
Jonnester/LR-AttnRes-tail-r128,Sliced LR-AttnRes Full r=128,sliced_lr_attnres,Sliced LR-AttnRes,8,25,0.8261536207935978,0.282143075303061,0.34151405767856613,0.32924297116071694,0.5
Jonnester/LR-AttnRes-tail-r128,Sliced LR-AttnRes Full r=128,sliced_lr_attnres,Sliced LR-AttnRes,8,26,0.9572426369148723,0.10534825865406446,0.11005387201890077,0.49752585337478294,0.5
Jonnester/LR-AttnRes-tail-r128,Sliced LR-AttnRes Full r=128,sliced_lr_attnres,Sliced LR-AttnRes,8,27,0.9168823341407427,0.22955490407460746,0.25036462752849864,0.4195090960258884,0.5446914097901377
Jonnester/LR-AttnRes-tail-r128,Sliced LR-AttnRes Full r=128,sliced_lr_attnres,Sliced LR-AttnRes,8,28,0.9558065167772092,0.08907871563139007,0.09319743490737635,0.49134818338333064,0.5
Jonnester/LR-AttnRes-tail-r128,Sliced LR-AttnRes Full r=128,sliced_lr_attnres,Sliced LR-AttnRes,8,29,0.9073809766422624,0.3002004295595111,0.3308427631692195,0.36744702570282584,0.5328684072874356
Jonnester/LR-AttnRes-tail-r128,Sliced LR-AttnRes Full r=128,sliced_lr_attnres,Sliced LR-AttnRes,8,30,0.9387385477122616,0.2896443118787999,0.3085463067269083,0.4436361281504362,0.5
Jonnester/LR-AttnRes-tail-r128,Sliced LR-AttnRes Full r=128,sliced_lr_attnres,Sliced LR-AttnRes,8,31,0.8669180969283651,0.23505032063666279,0.2711332494609181,0.36443337526954095,0.5
Jonnester/LR-AttnRes-tail-r128,Sliced LR-AttnRes Full r=128,sliced_lr_attnres,Sliced LR-AttnRes,8,32,0.952400104937757,0.15684379605440102,0.16468267405813797,0.4872031555485965,0.5
Jonnester/LR-AttnRes-tail-r128,Sliced LR-AttnRes Full r=128,sliced_lr_attnres,Sliced LR-AttnRes,8,33,0.9252044021045955,0.23767134501677012,0.25688522933541025,0.4092343814442468,0.5376769961119519
Jonnester/LR-AttnRes-tail-r128,Sliced LR-AttnRes Full r=128,sliced_lr_attnres,Sliced LR-AttnRes,8,34,0.9603599971008859,0.19499436831783232,0.20304299315514715,0.49118779794772777,0.5
Jonnester/LR-AttnRes-tail-r128,Sliced LR-AttnRes Full r=128,sliced_lr_attnres,Sliced LR-AttnRes,8,35,0.9397381898129312,0.20953127006523137,0.22296770774734787,0.5197487964827718,0.5414339036100412
Jonnester/LR-AttnRes-tail-r128,Sliced LR-AttnRes Full r=128,sliced_lr_attnres,Sliced LR-AttnRes,8,36,0.967258705015529,0.1541430738989294,0.15936075126504515,0.47244024951834535,0.5
Jonnester/LR-AttnRes-tail-r128,Sliced LR-AttnRes Full r=128,sliced_lr_attnres,Sliced LR-AttnRes,8,37,0.8355527698153221,0.12941800929772537,0.15488909135724602,0.44761449310817303,0.5
Jonnester/LR-AttnRes-tail-r128,Sliced LR-AttnRes Full r=128,sliced_lr_attnres,Sliced LR-AttnRes,8,38,0.9668482746436768,0.15335356084084728,0.15861181621011253,0.4611415486097518,0.5
Jonnester/LR-AttnRes-tail-r128,Sliced LR-AttnRes Full r=128,sliced_lr_attnres,Sliced LR-AttnRes,8,39,0.9422587852932633,0.13835497568601227,0.14683330932589972,0.5247279160950081,0.5383479105270461
Jonnester/LR-AttnRes-tail-r128,Sliced LR-AttnRes Full r=128,sliced_lr_attnres,Sliced LR-AttnRes,8,40,0.9700773305077924,0.14941818072135005,0.15402708219471148,0.5005518225157096,0.5
Jonnester/LR-AttnRes-tail-r128,Sliced LR-AttnRes Full r=128,sliced_lr_attnres,Sliced LR-AttnRes,8,41,0.9427562700054509,0.18693422936811682,0.1982847903700879,0.49191255422863095,0.5304086383909913
Jonnester/LR-AttnRes-tail-r128,Sliced LR-AttnRes Full r=128,sliced_lr_attnres,Sliced LR-AttnRes,8,42,0.9746578572293348,0.249771942120477,0.2562662787437071,0.4549165018953504,0.5
Jonnester/LR-AttnRes-tail-r128,Sliced LR-AttnRes Full r=128,sliced_lr_attnres,Sliced LR-AttnRes,8,43,0.9340000382389844,0.15391189151451112,0.1647878856672267,0.48604572211709296,0.5
Jonnester/LR-AttnRes-tail-r128,Sliced LR-AttnRes Full r=128,sliced_lr_attnres,Sliced LR-AttnRes,8,44,0.9778744493009204,0.23784498398086223,0.24322650433386098,0.4625345937625018,0.5
Jonnester/LR-AttnRes-tail-r128,Sliced LR-AttnRes Full r=128,sliced_lr_attnres,Sliced LR-AttnRes,8,45,0.9558960197198135,0.3183661484674406,0.3330552088298873,0.5743430410891615,0.5171140456390887
Jonnester/LR-AttnRes-tail-r128,Sliced LR-AttnRes Full r=128,sliced_lr_attnres,Sliced LR-AttnRes,8,46,0.9816642437372507,0.2155705178989385,0.21959699487296133,0.47355431353966243,0.5
Jonnester/LR-AttnRes-tail-r128,Sliced LR-AttnRes Full r=128,sliced_lr_attnres,Sliced LR-AttnRes,8,47,0.9616832451448147,0.3550652207178253,0.3692122354324245,0.6008142127071743,0.5155476416613698
Jonnester/LR-AttnRes-tail-r128,Sliced LR-AttnRes Full r=128,sliced_lr_attnres,Sliced LR-AttnRes,8,48,0.9567095704937005,0.17748864325959754,0.18551987848099635,0.5562304684872236,0.5
Jonnester/LR-AttnRes-tail-r256,Sliced LR-AttnRes Full r=256,sliced_lr_attnres,Sliced LR-AttnRes,8,1,0.0,0.0,0.0,0.0,0.0
Jonnester/LR-AttnRes-tail-r256,Sliced LR-AttnRes Full r=256,sliced_lr_attnres,Sliced LR-AttnRes,8,2,0.5088458841106271,0.3856971574326356,0.7579842334909836,0.12100788325450815,0.5
Jonnester/LR-AttnRes-tail-r256,Sliced LR-AttnRes Full r=256,sliced_lr_attnres,Sliced LR-AttnRes,8,3,0.37267836190881287,0.12200749824000243,0.32738015058103986,0.5029765913761467,0.6666666666666666
Jonnester/LR-AttnRes-tail-r256,Sliced LR-AttnRes Full r=256,sliced_lr_attnres,Sliced LR-AttnRes,8,4,0.6187628670709162,0.34310073864350954,0.5544947134072072,0.22275264329639638,0.5
Jonnester/LR-AttnRes-tail-r256,Sliced LR-AttnRes Full r=256,sliced_lr_attnres,Sliced LR-AttnRes,8,5,0.6795212650383876,0.08140837106762866,0.11980253636805571,0.5400987318159721,0.6
Jonnester/LR-AttnRes-tail-r256,Sliced LR-AttnRes Full r=256,sliced_lr_attnres,Sliced LR-AttnRes,8,6,0.78247009655385,0.2769415699460401,0.353932464851685,0.3230337675741575,0.5
Jonnester/LR-AttnRes-tail-r256,Sliced LR-AttnRes Full r=256,sliced_lr_attnres,Sliced LR-AttnRes,8,7,0.46405684122270563,0.2183059416597754,0.4704293144016126,0.2647853427991937,0.5
Jonnester/LR-AttnRes-tail-r256,Sliced LR-AttnRes Full r=256,sliced_lr_attnres,Sliced LR-AttnRes,8,8,0.8235210824712385,0.32424837642356874,0.39373415365464326,0.3031329231726783,0.5
Jonnester/LR-AttnRes-tail-r256,Sliced LR-AttnRes Full r=256,sliced_lr_attnres,Sliced LR-AttnRes,8,9,0.6722234268899916,0.37129867091638646,0.552344140450715,0.3234321282321673,0.5996041984575248
Jonnester/LR-AttnRes-tail-r256,Sliced LR-AttnRes Full r=256,sliced_lr_attnres,Sliced LR-AttnRes,8,10,0.8560175092709137,0.11406402181591692,0.13324963634571846,0.4333751818271408,0.5
Jonnester/LR-AttnRes-tail-r256,Sliced LR-AttnRes Full r=256,sliced_lr_attnres,Sliced LR-AttnRes,8,11,0.7471128847086574,0.31126142491594067,0.4166190026789854,0.356213411868598,0.5645229132080907
Jonnester/LR-AttnRes-tail-r256,Sliced LR-AttnRes Full r=256,sliced_lr_attnres,Sliced LR-AttnRes,8,12,0.8587989565552917,0.23946757428726656,0.27884008528350956,0.36057995735824516,0.5
Jonnester/LR-AttnRes-tail-r256,Sliced LR-AttnRes Full r=256,sliced_lr_attnres,Sliced LR-AttnRes,8,13,0.446525686316389,0.2470680288270085,0.5533120185429751,0.2233439907285124,0.5
Jonnester/LR-AttnRes-tail-r256,Sliced LR-AttnRes Full r=256,sliced_lr_attnres,Sliced LR-AttnRes,8,14,0.8979230446975709,0.19487149844975854,0.21702472121694252,0.39148763939152875,0.5
Jonnester/LR-AttnRes-tail-r256,Sliced LR-AttnRes Full r=256,sliced_lr_attnres,Sliced LR-AttnRes,8,15,0.8415674071236536,0.2909843238174087,0.3457647258606982,0.405917328837725,0.5787996917680742
Jonnester/LR-AttnRes-tail-r256,Sliced LR-AttnRes Full r=256,sliced_lr_attnres,Sliced LR-AttnRes,8,16,0.9270138964549131,0.2497941248565609,0.2694610359260241,0.36526948203698795,0.5
Jonnester/LR-AttnRes-tail-r256,Sliced LR-AttnRes Full r=256,sliced_lr_attnres,Sliced LR-AttnRes,8,17,0.8863571919879414,0.26175935248261306,0.2953203909763889,0.4821680041020002,0.5567887977160296
Jonnester/LR-AttnRes-tail-r256,Sliced LR-AttnRes Full r=256,sliced_lr_attnres,Sliced LR-AttnRes,8,18,0.9423428985907325,0.09854361217855143,0.10457298752494738,0.45107365458684606,0.5
Jonnester/LR-AttnRes-tail-r256,Sliced LR-AttnRes Full r=256,sliced_lr_attnres,Sliced LR-AttnRes,8,19,0.7370290059475153,0.2471277215404482,0.33530257228172977,0.3323487138591351,0.5
Jonnester/LR-AttnRes-tail-r256,Sliced LR-AttnRes Full r=256,sliced_lr_attnres,Sliced LR-AttnRes,8,20,0.9535503257879971,0.09899881749595635,0.10382128223190053,0.5262645970649862,0.5
Jonnester/LR-AttnRes-tail-r256,Sliced LR-AttnRes Full r=256,sliced_lr_attnres,Sliced LR-AttnRes,8,21,0.8955033166084165,0.21747832105376413,0.24285596381421612,0.4441014219259457,0.5484356103795854
Jonnester/LR-AttnRes-tail-r256,Sliced LR-AttnRes Full r=256,sliced_lr_attnres,Sliced LR-AttnRes,8,22,0.9544479012341669,0.16634041642414296,0.17427919974369827,0.5543856133641843,0.5
Jonnester/LR-AttnRes-tail-r256,Sliced LR-AttnRes Full r=256,sliced_lr_attnres,Sliced LR-AttnRes,8,23,0.942309981043549,0.20078042626449077,0.2130725878995138,0.5680499279370298,0.5386267770241432
Jonnester/LR-AttnRes-tail-r256,Sliced LR-AttnRes Full r=256,sliced_lr_attnres,Sliced LR-AttnRes,8,24,0.9555383995667524,0.12245853988423464,0.12815658684125952,0.43592170657937024,0.5
Jonnester/LR-AttnRes-tail-r256,Sliced LR-AttnRes Full r=256,sliced_lr_attnres,Sliced LR-AttnRes,8,25,0.7852107747609356,0.321845747511531,0.40988452764102706,0.2970869963439625,0.5
Jonnester/LR-AttnRes-tail-r256,Sliced LR-AttnRes Full r=256,sliced_lr_attnres,Sliced LR-AttnRes,8,26,0.9564330064165368,0.08873739090702701,0.09277951546182935,0.478898841821265,0.5
Jonnester/LR-AttnRes-tail-r256,Sliced LR-AttnRes Full r=256,sliced_lr_attnres,Sliced LR-AttnRes,8,27,0.9197994249804717,0.22115178375951638,0.24043479236161913,0.4329637394202437,0.5531811356010532
Jonnester/LR-AttnRes-tail-r256,Sliced LR-AttnRes Full r=256,sliced_lr_attnres,Sliced LR-AttnRes,8,28,0.9557364665244411,0.08245487430897666,0.08627365094566897,0.4667954016862664,0.5
Jonnester/LR-AttnRes-tail-r256,Sliced LR-AttnRes Full r=256,sliced_lr_attnres,Sliced LR-AttnRes,8,29,0.9118110294514374,0.2687864283864515,0.29478304133714905,0.39612188866325626,0.5435134093318308
Jonnester/LR-AttnRes-tail-r256,Sliced LR-AttnRes Full r=256,sliced_lr_attnres,Sliced LR-AttnRes,8,30,0.9419709155714607,0.37673636636416596,0.3999447967410047,0.36883971852389213,0.5
Jonnester/LR-AttnRes-tail-r256,Sliced LR-AttnRes Full r=256,sliced_lr_attnres,Sliced LR-AttnRes,8,31,0.8471136305867353,0.22402967702279364,0.26446236836919296,0.3677688158154035,0.5
Jonnester/LR-AttnRes-tail-r256,Sliced LR-AttnRes Full r=256,sliced_lr_attnres,Sliced LR-AttnRes,8,32,0.9544045807437864,0.18521419117923793,0.19406255472380154,0.4550825505080948,0.5
Jonnester/LR-AttnRes-tail-r256,Sliced LR-AttnRes Full r=256,sliced_lr_attnres,Sliced LR-AttnRes,8,33,0.9318906250069054,0.19151513876650875,0.20551246426058808,0.4543478516647455,0.5500546158364266
Jonnester/LR-AttnRes-tail-r256,Sliced LR-AttnRes Full r=256,sliced_lr_attnres,Sliced LR-AttnRes,8,34,0.9612598720638884,0.15707694972880426,0.1634073722348876,0.4934238197190649,0.5
Jonnester/LR-AttnRes-tail-r256,Sliced LR-AttnRes Full r=256,sliced_lr_attnres,Sliced LR-AttnRes,8,35,0.9430337340411981,0.23638101115792515,0.25066018597760836,0.5588466888589241,0.5488721194811701
Jonnester/LR-AttnRes-tail-r256,Sliced LR-AttnRes Full r=256,sliced_lr_attnres,Sliced LR-AttnRes,8,36,0.9674450764129681,0.1871806668965676,0.19347937310362287,0.4467757602649118,0.5
Jonnester/LR-AttnRes-tail-r256,Sliced LR-AttnRes Full r=256,sliced_lr_attnres,Sliced LR-AttnRes,8,37,0.8697963896760248,0.14643672403190441,0.16835747511719157,0.4158366673248801,0.5
Jonnester/LR-AttnRes-tail-r256,Sliced LR-AttnRes Full r=256,sliced_lr_attnres,Sliced LR-AttnRes,8,38,0.9630603028908069,0.2637319149245031,0.2738477685487213,0.3964391123197595,0.5
Jonnester/LR-AttnRes-tail-r256,Sliced LR-AttnRes Full r=256,sliced_lr_attnres,Sliced LR-AttnRes,8,39,0.9407002628833903,0.2070841765142271,0.2201383210837875,0.5171403003313593,0.5302468419737116
Jonnester/LR-AttnRes-tail-r256,Sliced LR-AttnRes Full r=256,sliced_lr_attnres,Sliced LR-AttnRes,8,40,0.9673912705668075,0.2239571415603434,0.2315062667757214,0.41381106705354725,0.5
Jonnester/LR-AttnRes-tail-r256,Sliced LR-AttnRes Full r=256,sliced_lr_attnres,Sliced LR-AttnRes,8,41,0.9390220202740311,0.29738254458454194,0.31669389872002995,0.49778811567003106,0.5274227191373936
Jonnester/LR-AttnRes-tail-r256,Sliced LR-AttnRes Full r=256,sliced_lr_attnres,Sliced LR-AttnRes,8,42,0.9708917249614993,0.2637967020046057,0.27170558283939084,0.4016769907769471,0.5
Jonnester/LR-AttnRes-tail-r256,Sliced LR-AttnRes Full r=256,sliced_lr_attnres,Sliced LR-AttnRes,8,43,0.9168930633591744,0.2627765044562397,0.2865944949932534,0.44136448879085266,0.5
Jonnester/LR-AttnRes-tail-r256,Sliced LR-AttnRes Full r=256,sliced_lr_attnres,Sliced LR-AttnRes,8,44,0.9759941601092222,0.2582643450620183,0.2646166909780651,0.43368956872610065,0.5
Jonnester/LR-AttnRes-tail-r256,Sliced LR-AttnRes Full r=256,sliced_lr_attnres,Sliced LR-AttnRes,8,45,0.9517114625569828,0.23816139458332883,0.2502453778831829,0.5326508115863433,0.5174754908005884
Jonnester/LR-AttnRes-tail-r256,Sliced LR-AttnRes Full r=256,sliced_lr_attnres,Sliced LR-AttnRes,8,46,0.9754614061903117,0.1409275885633518,0.14447274660895906,0.44707383284560664,0.5
Jonnester/LR-AttnRes-tail-r256,Sliced LR-AttnRes Full r=256,sliced_lr_attnres,Sliced LR-AttnRes,8,47,0.9595151988134484,0.2724587040934409,0.2839545474947845,0.5835390591602425,0.5173089362262594
Jonnester/LR-AttnRes-tail-r256,Sliced LR-AttnRes Full r=256,sliced_lr_attnres,Sliced LR-AttnRes,8,48,0.9560972039277356,0.25725640988779985,0.26906930470141194,0.5824878976912361,0.5
Jonnester/LR-AttnRes-tail-r512,Sliced LR-AttnRes Full r=512,sliced_lr_attnres,Sliced LR-AttnRes,8,1,0.0,0.0,0.0,0.0,0.0
Jonnester/LR-AttnRes-tail-r512,Sliced LR-AttnRes Full r=512,sliced_lr_attnres,Sliced LR-AttnRes,8,2,0.43772629896799725,0.3257099545098902,0.74409500931929,0.12795249534035505,0.5
Jonnester/LR-AttnRes-tail-r512,Sliced LR-AttnRes Full r=512,sliced_lr_attnres,Sliced LR-AttnRes,8,3,0.24204117795679625,0.10148256768782928,0.41927811021455064,0.4570276115593913,0.6666666666666666
Jonnester/LR-AttnRes-tail-r512,Sliced LR-AttnRes Full r=512,sliced_lr_attnres,Sliced LR-AttnRes,8,4,0.6897499565701417,0.2708467039605224,0.3926737528297033,0.30366312358514835,0.5
Jonnester/LR-AttnRes-tail-r512,Sliced LR-AttnRes Full r=512,sliced_lr_attnres,Sliced LR-AttnRes,8,5,0.6702325132380171,0.002431933254730429,0.0036284919139200063,0.59818575404304,0.6
Jonnester/LR-AttnRes-tail-r512,Sliced LR-AttnRes Full r=512,sliced_lr_attnres,Sliced LR-AttnRes,8,6,0.7322404635691546,0.39326749957068186,0.5370742524303844,0.2314628737848078,0.5
Jonnester/LR-AttnRes-tail-r512,Sliced LR-AttnRes Full r=512,sliced_lr_attnres,Sliced LR-AttnRes,8,7,0.5120661980131778,0.336480462757068,0.6571034449503126,0.17144827752484373,0.5
Jonnester/LR-AttnRes-tail-r512,Sliced LR-AttnRes Full r=512,sliced_lr_attnres,Sliced LR-AttnRes,8,8,0.8260033224005161,0.4239342882547799,0.5132355727368622,0.24338221363156887,0.5
Jonnester/LR-AttnRes-tail-r512,Sliced LR-AttnRes Full r=512,sliced_lr_attnres,Sliced LR-AttnRes,8,9,0.7011198771367895,0.3682418577360407,0.5252195376914071,0.3284891398175255,0.5910989086632291
Jonnester/LR-AttnRes-tail-r512,Sliced LR-AttnRes Full r=512,sliced_lr_attnres,Sliced LR-AttnRes,8,10,0.8691516215685846,0.20552863659549178,0.2364704057326246,0.3817647971336877,0.5
Jonnester/LR-AttnRes-tail-r512,Sliced LR-AttnRes Full r=512,sliced_lr_attnres,Sliced LR-AttnRes,8,11,0.660616009674088,0.2332760074357615,0.35311891328647516,0.38426469168483596,0.5608241483280736
Jonnester/LR-AttnRes-tail-r512,Sliced LR-AttnRes Full r=512,sliced_lr_attnres,Sliced LR-AttnRes,8,12,0.8971421837473545,0.10926251293621903,0.12178951666259916,0.4391052416687004,0.5
Jonnester/LR-AttnRes-tail-r512,Sliced LR-AttnRes Full r=512,sliced_lr_attnres,Sliced LR-AttnRes,8,13,0.4978028901893366,0.276535765711328,0.5555125756826143,0.22224371215869285,0.5
Jonnester/LR-AttnRes-tail-r512,Sliced LR-AttnRes Full r=512,sliced_lr_attnres,Sliced LR-AttnRes,8,14,0.9236638925144283,0.06221212441010804,0.0673536390393611,0.48293108990249833,0.5
Jonnester/LR-AttnRes-tail-r512,Sliced LR-AttnRes Full r=512,sliced_lr_attnres,Sliced LR-AttnRes,8,15,0.8530399771066518,0.06044411977379511,0.07085731196187309,0.5442524114077044,0.5688333244213024
Jonnester/LR-AttnRes-tail-r512,Sliced LR-AttnRes Full r=512,sliced_lr_attnres,Sliced LR-AttnRes,8,16,0.9352095162730696,0.41964942969124375,0.44872236904046997,0.27563881547976493,0.5
Jonnester/LR-AttnRes-tail-r512,Sliced LR-AttnRes Full r=512,sliced_lr_attnres,Sliced LR-AttnRes,8,17,0.8095216382809771,0.31744232327806027,0.3921356863939431,0.35078565989423494,0.5468535030912064
Jonnester/LR-AttnRes-tail-r512,Sliced LR-AttnRes Full r=512,sliced_lr_attnres,Sliced LR-AttnRes,8,18,0.9545298145394923,0.07429207664937136,0.0778310698290898,0.4930859987776115,0.5
Jonnester/LR-AttnRes-tail-r512,Sliced LR-AttnRes Full r=512,sliced_lr_attnres,Sliced LR-AttnRes,8,19,0.756651845465346,0.20468517247496576,0.2705143372102436,0.40788950062032947,0.5
Jonnester/LR-AttnRes-tail-r512,Sliced LR-AttnRes Full r=512,sliced_lr_attnres,Sliced LR-AttnRes,8,20,0.960202121751277,0.12058664972674307,0.1255846524342287,0.5003341334036299,0.5
Jonnester/LR-AttnRes-tail-r512,Sliced LR-AttnRes Full r=512,sliced_lr_attnres,Sliced LR-AttnRes,8,21,0.8762225858390149,0.2134010340617137,0.24354660278172865,0.42541047388982833,0.5471837752806926
Jonnester/LR-AttnRes-tail-r512,Sliced LR-AttnRes Full r=512,sliced_lr_attnres,Sliced LR-AttnRes,8,22,0.9554389254038594,0.1338173952900115,0.14005855500752967,0.526531632492329,0.5
Jonnester/LR-AttnRes-tail-r512,Sliced LR-AttnRes Full r=512,sliced_lr_attnres,Sliced LR-AttnRes,8,23,0.9467570284623804,0.22081929791597568,0.23323755861058282,0.5539747361802194,0.5416828074508073
Jonnester/LR-AttnRes-tail-r512,Sliced LR-AttnRes Full r=512,sliced_lr_attnres,Sliced LR-AttnRes,8,24,0.9558480870966777,0.23358879269979044,0.2443785742243835,0.43059111741624984,0.5
Jonnester/LR-AttnRes-tail-r512,Sliced LR-AttnRes Full r=512,sliced_lr_attnres,Sliced LR-AttnRes,8,25,0.850732232284982,0.40316873237611806,0.4739079078892392,0.26304604605538046,0.5
Jonnester/LR-AttnRes-tail-r512,Sliced LR-AttnRes Full r=512,sliced_lr_attnres,Sliced LR-AttnRes,8,26,0.9618833484506704,0.32573370936864277,0.3386415929679105,0.5061083315005059,0.5
Jonnester/LR-AttnRes-tail-r512,Sliced LR-AttnRes Full r=512,sliced_lr_attnres,Sliced LR-AttnRes,8,27,0.9194241251069597,0.3007518543955191,0.3271089437211925,0.38043632060737265,0.5439907924679689
Jonnester/LR-AttnRes-tail-r512,Sliced LR-AttnRes Full r=512,sliced_lr_attnres,Sliced LR-AttnRes,8,28,0.9590630362253273,0.15784197098318092,0.16457934986673461,0.4989556929941644,0.5
Jonnester/LR-AttnRes-tail-r512,Sliced LR-AttnRes Full r=512,sliced_lr_attnres,Sliced LR-AttnRes,8,29,0.930698920143541,0.18308272069410944,0.19671530366219048,0.4412924197605085,0.5396500715916037
Jonnester/LR-AttnRes-tail-r512,Sliced LR-AttnRes Full r=512,sliced_lr_attnres,Sliced LR-AttnRes,8,30,0.9521673157228142,0.42804712566312375,0.44955032439669745,0.4951389311799184,0.5
Jonnester/LR-AttnRes-tail-r512,Sliced LR-AttnRes Full r=512,sliced_lr_attnres,Sliced LR-AttnRes,8,31,0.8741689431518922,0.19390501574863017,0.22181640890774357,0.3890917955461282,0.5
Jonnester/LR-AttnRes-tail-r512,Sliced LR-AttnRes Full r=512,sliced_lr_attnres,Sliced LR-AttnRes,8,32,0.967630953474985,0.28158133719267886,0.2910007541423263,0.48790650603383706,0.5
Jonnester/LR-AttnRes-tail-r512,Sliced LR-AttnRes Full r=512,sliced_lr_attnres,Sliced LR-AttnRes,8,33,0.9374803041781836,0.1556648813808958,0.16604602858014722,0.4860844662476063,0.5691074805376798
Jonnester/LR-AttnRes-tail-r512,Sliced LR-AttnRes Full r=512,sliced_lr_attnres,Sliced LR-AttnRes,8,34,0.9707189461488913,0.2817852248066688,0.2902850778019613,0.5596488168307282,0.5
Jonnester/LR-AttnRes-tail-r512,Sliced LR-AttnRes Full r=512,sliced_lr_attnres,Sliced LR-AttnRes,8,35,0.9395529207606929,0.19714796064209528,0.20983167236868128,0.4598032753401104,0.5425607621213865
Jonnester/LR-AttnRes-tail-r512,Sliced LR-AttnRes Full r=512,sliced_lr_attnres,Sliced LR-AttnRes,8,36,0.9703911581167542,0.13864322364466583,0.1428735438127155,0.47380562348603616,0.5
Jonnester/LR-AttnRes-tail-r512,Sliced LR-AttnRes Full r=512,sliced_lr_attnres,Sliced LR-AttnRes,8,37,0.8083858375448916,0.2746299397620577,0.3397263126183935,0.3301368436908032,0.5
Jonnester/LR-AttnRes-tail-r512,Sliced LR-AttnRes Full r=512,sliced_lr_attnres,Sliced LR-AttnRes,8,38,0.9593418697122393,0.3021197345153224,0.31492395365371173,0.3965763728072734,0.5
Jonnester/LR-AttnRes-tail-r512,Sliced LR-AttnRes Full r=512,sliced_lr_attnres,Sliced LR-AttnRes,8,39,0.9345884358082572,0.1328121359405791,0.14210761748375328,0.517878445245555,0.5437231277800051
Jonnester/LR-AttnRes-tail-r512,Sliced LR-AttnRes Full r=512,sliced_lr_attnres,Sliced LR-AttnRes,8,40,0.9617321047689613,0.32175935027605995,0.33456234712405364,0.430863724155462,0.5
Jonnester/LR-AttnRes-tail-r512,Sliced LR-AttnRes Full r=512,sliced_lr_attnres,Sliced LR-AttnRes,8,41,0.9298465881644317,0.26354231235071474,0.28342558407506957,0.5577923819778744,0.5329622106828668
Jonnester/LR-AttnRes-tail-r512,Sliced LR-AttnRes Full r=512,sliced_lr_attnres,Sliced LR-AttnRes,8,42,0.970084668809124,0.257932461550217,0.26588654562168773,0.4010970121982449,0.5
Jonnester/LR-AttnRes-tail-r512,Sliced LR-AttnRes Full r=512,sliced_lr_attnres,Sliced LR-AttnRes,8,43,0.8675243693472046,0.26059162076865505,0.300385360891643,0.3523334072646747,0.5
Jonnester/LR-AttnRes-tail-r512,Sliced LR-AttnRes Full r=512,sliced_lr_attnres,Sliced LR-AttnRes,8,44,0.9709988649029708,0.3799669459836967,0.39131554084943826,0.4758199156225158,0.5
Jonnester/LR-AttnRes-tail-r512,Sliced LR-AttnRes Full r=512,sliced_lr_attnres,Sliced LR-AttnRes,8,45,0.9482907516469165,0.1807681100694134,0.19062519565383257,0.4537499732187299,0.5253113052584781
Jonnester/LR-AttnRes-tail-r512,Sliced LR-AttnRes Full r=512,sliced_lr_attnres,Sliced LR-AttnRes,8,46,0.9758761308716264,0.22334111784395527,0.22886215860661843,0.4856514622256559,0.5
Jonnester/LR-AttnRes-tail-r512,Sliced LR-AttnRes Full r=512,sliced_lr_attnres,Sliced LR-AttnRes,8,47,0.9569339879610523,0.2120431248003965,0.2215859479003339,0.5267559533918066,0.5204955260122308
Jonnester/LR-AttnRes-tail-r512,Sliced LR-AttnRes Full r=512,sliced_lr_attnres,Sliced LR-AttnRes,8,48,0.951960311473794,0.1905740777322099,0.20019120065748258,0.5420915105169772,0.5
Jonnester/LR-AttnRes-Full-16,Projected LR-AttnRes Full r=16,lr_attnres,Projected LR-AttnRes,8,1,0.0,0.0,0.0,0.0,0.0
Jonnester/LR-AttnRes-Full-16,Projected LR-AttnRes Full r=16,lr_attnres,Projected LR-AttnRes,8,2,0.5492579844908986,0.10194378122081607,0.18560272968140223,0.4071986351592989,0.5
Jonnester/LR-AttnRes-Full-16,Projected LR-AttnRes Full r=16,lr_attnres,Projected LR-AttnRes,8,3,0.5925727469649742,0.006150422865136137,0.010379186178637534,0.6718562597559854,0.6666666666666666
Jonnester/LR-AttnRes-Full-16,Projected LR-AttnRes Full r=16,lr_attnres,Projected LR-AttnRes,8,4,0.7084603126698393,0.09904043013002813,0.13979672306101854,0.43010163846949073,0.5
Jonnester/LR-AttnRes-Full-16,Projected LR-AttnRes Full r=16,lr_attnres,Projected LR-AttnRes,8,5,0.73500296582536,0.04724513360155298,0.0642788339615743,0.5678605830192128,0.6
Jonnester/LR-AttnRes-Full-16,Projected LR-AttnRes Full r=16,lr_attnres,Projected LR-AttnRes,8,6,0.793949126712675,0.1688197302382167,0.21263293145394624,0.3936835342730269,0.5
Jonnester/LR-AttnRes-Full-16,Projected LR-AttnRes Full r=16,lr_attnres,Projected LR-AttnRes,8,7,0.6173173223690289,0.07767448913518003,0.12582586997088452,0.43708706501455774,0.5
Jonnester/LR-AttnRes-Full-16,Projected LR-AttnRes Full r=16,lr_attnres,Projected LR-AttnRes,8,8,0.8298145476274373,0.09710687332279305,0.11702238000097248,0.4414888099995138,0.5
Jonnester/LR-AttnRes-Full-16,Projected LR-AttnRes Full r=16,lr_attnres,Projected LR-AttnRes,8,9,0.8363320698461882,0.07334176830563759,0.08769455453158222,0.5280169284869315,0.5718642057527226
Jonnester/LR-AttnRes-Full-16,Projected LR-AttnRes Full r=16,lr_attnres,Projected LR-AttnRes,8,10,0.8765253897726051,0.08854027795113194,0.10101279322222684,0.44949360338888655,0.5
Jonnester/LR-AttnRes-Full-16,Projected LR-AttnRes Full r=16,lr_attnres,Projected LR-AttnRes,8,11,0.866015689674674,0.060193711307232896,0.06950649050001065,0.5205767978540585,0.5553300431040639
Jonnester/LR-AttnRes-Full-16,Projected LR-AttnRes Full r=16,lr_attnres,Projected LR-AttnRes,8,12,0.9114592354896107,0.03849944499571136,0.04223934927274123,0.47888032536362934,0.5
Jonnester/LR-AttnRes-Full-16,Projected LR-AttnRes Full r=16,lr_attnres,Projected LR-AttnRes,8,13,0.7835234475390214,0.03880694529753395,0.049528760650907354,0.47523561967454636,0.5
Jonnester/LR-AttnRes-Full-16,Projected LR-AttnRes Full r=16,lr_attnres,Projected LR-AttnRes,8,14,0.9341436021211671,0.032164358268908365,0.034431920526857444,0.48278403973657125,0.5
Jonnester/LR-AttnRes-Full-16,Projected LR-AttnRes Full r=16,lr_attnres,Projected LR-AttnRes,8,15,0.9284607172315198,0.030301772411357338,0.03263656916117144,0.5350951949562297,0.5514134795368155
Jonnester/LR-AttnRes-Full-16,Projected LR-AttnRes Full r=16,lr_attnres,Projected LR-AttnRes,8,16,0.9499214823107893,0.028817230517544354,0.030336434172899475,0.48689368908786146,0.5
Jonnester/LR-AttnRes-Full-16,Projected LR-AttnRes Full r=16,lr_attnres,Projected LR-AttnRes,8,17,0.9282721038150593,0.01579761314925133,0.01701830000527378,0.5334154311659721,0.5414729187610022
Jonnester/LR-AttnRes-Full-16,Projected LR-AttnRes Full r=16,lr_attnres,Projected LR-AttnRes,8,18,0.9533402652032977,0.02803550793872609,0.02940766163144025,0.4908591160476549,0.5
Jonnester/LR-AttnRes-Full-16,Projected LR-AttnRes Full r=16,lr_attnres,Projected LR-AttnRes,8,19,0.8388861168206223,0.03729994086230673,0.04446365259169323,0.47776817370415336,0.5
Jonnester/LR-AttnRes-Full-16,Projected LR-AttnRes Full r=16,lr_attnres,Projected LR-AttnRes,8,20,0.9558062572789385,0.04814821711885248,0.050374452722170344,0.5013910039748601,0.5
Jonnester/LR-AttnRes-Full-16,Projected LR-AttnRes Full r=16,lr_attnres,Projected LR-AttnRes,8,21,0.9372499916490501,0.04498749620061576,0.047999462898326885,0.5142138255444468,0.5364990207310764
Jonnester/LR-AttnRes-Full-16,Projected LR-AttnRes Full r=16,lr_attnres,Projected LR-AttnRes,8,22,0.9552495758980512,0.03881912861715975,0.040637682126856776,0.4960516393809851,0.5
Jonnester/LR-AttnRes-Full-16,Projected LR-AttnRes Full r=16,lr_attnres,Projected LR-AttnRes,8,23,0.9379836877853405,0.05768593721152324,0.0614999364730155,0.511311859294538,0.5291565463790218
Jonnester/LR-AttnRes-Full-16,Projected LR-AttnRes Full r=16,lr_attnres,Projected LR-AttnRes,8,24,0.9470736174352044,0.07889566514489613,0.08330468053640393,0.517645618597404,0.5
Jonnester/LR-AttnRes-Full-16,Projected LR-AttnRes Full r=16,lr_attnres,Projected LR-AttnRes,8,25,0.8492157462590595,0.039730531897971294,0.04678496845235275,0.5026657329476778,0.5
Jonnester/LR-AttnRes-Full-16,Projected LR-AttnRes Full r=16,lr_attnres,Projected LR-AttnRes,8,26,0.9544482883368808,0.054072178642803205,0.05665281116174831,0.4972530138643873,0.5
Jonnester/LR-AttnRes-Full-16,Projected LR-AttnRes Full r=16,lr_attnres,Projected LR-AttnRes,8,27,0.9486332321766673,0.059495906514648145,0.06271750187175397,0.5301907385924078,0.5337979510402486
Jonnester/LR-AttnRes-Full-16,Projected LR-AttnRes Full r=16,lr_attnres,Projected LR-AttnRes,8,28,0.955994920683949,0.061904274063502865,0.06475376879535573,0.47500638450844873,0.5
Jonnester/LR-AttnRes-Full-16,Projected LR-AttnRes Full r=16,lr_attnres,Projected LR-AttnRes,8,29,0.9505611347655455,0.08178970977300556,0.08604360811909155,0.5350403967589024,0.530882547806892
Jonnester/LR-AttnRes-Full-16,Projected LR-AttnRes Full r=16,lr_attnres,Projected LR-AttnRes,8,30,0.9591321836006108,0.08916788567917618,0.09296725436158057,0.4701812103834432,0.5
Jonnester/LR-AttnRes-Full-16,Projected LR-AttnRes Full r=16,lr_attnres,Projected LR-AttnRes,8,31,0.8888108416998047,0.07198694731464718,0.08099242711416062,0.5029176203107071,0.5
Jonnester/LR-AttnRes-Full-16,Projected LR-AttnRes Full r=16,lr_attnres,Projected LR-AttnRes,8,32,0.9613880741796115,0.07869349127801932,0.08185403313346842,0.4771844815490922,0.5
Jonnester/LR-AttnRes-Full-16,Projected LR-AttnRes Full r=16,lr_attnres,Projected LR-AttnRes,8,33,0.9559882651575333,0.07201800163492042,0.0753335624083763,0.5349943896314059,0.5323348301029378
Jonnester/LR-AttnRes-Full-16,Projected LR-AttnRes Full r=16,lr_attnres,Projected LR-AttnRes,8,34,0.9628165479961449,0.09262589110833838,0.09620305270107307,0.4562682052521865,0.5
Jonnester/LR-AttnRes-Full-16,Projected LR-AttnRes Full r=16,lr_attnres,Projected LR-AttnRes,8,35,0.9649227852138077,0.063963570809219,0.06628879718603177,0.5381480297954513,0.5305846021227738
Jonnester/LR-AttnRes-Full-16,Projected LR-AttnRes Full r=16,lr_attnres,Projected LR-AttnRes,8,36,0.9731877625624582,0.10323380050438687,0.10607798872497785,0.45007624778842253,0.5
Jonnester/LR-AttnRes-Full-16,Projected LR-AttnRes Full r=16,lr_attnres,Projected LR-AttnRes,8,37,0.928879486639204,0.07487410467451182,0.0806069094554076,0.5059193071468493,0.5
Jonnester/LR-AttnRes-Full-16,Projected LR-AttnRes Full r=16,lr_attnres,Projected LR-AttnRes,8,38,0.9767599395453567,0.13334352567761648,0.13651616971482536,0.4388917311764137,0.5
Jonnester/LR-AttnRes-Full-16,Projected LR-AttnRes Full r=16,lr_attnres,Projected LR-AttnRes,8,39,0.9682651967249387,0.11232740553928823,0.11600892598352659,0.5094526281780075,0.5228002056886154
Jonnester/LR-AttnRes-Full-16,Projected LR-AttnRes Full r=16,lr_attnres,Projected LR-AttnRes,8,40,0.9793940053086698,0.1343276784035975,0.13715387032746054,0.4390273845085899,0.5
Jonnester/LR-AttnRes-Full-16,Projected LR-AttnRes Full r=16,lr_attnres,Projected LR-AttnRes,8,41,0.9706660427334832,0.15077769594887896,0.15533426462954794,0.49600996023886507,0.5211560887325433
Jonnester/LR-AttnRes-Full-16,Projected LR-AttnRes Full r=16,lr_attnres,Projected LR-AttnRes,8,42,0.9797020784117342,0.14791081482317386,0.15097529961655565,0.4361698832365857,0.5
Jonnester/LR-AttnRes-Full-16,Projected LR-AttnRes Full r=16,lr_attnres,Projected LR-AttnRes,8,43,0.9523580255501759,0.17062437317023682,0.17915990477600832,0.4769733056498743,0.5
Jonnester/LR-AttnRes-Full-16,Projected LR-AttnRes Full r=16,lr_attnres,Projected LR-AttnRes,8,44,0.9790417397682505,0.12696689505099765,0.12968486418265687,0.4444778213427555,0.5
Jonnester/LR-AttnRes-Full-16,Projected LR-AttnRes Full r=16,lr_attnres,Projected LR-AttnRes,8,45,0.9743023083234826,0.18528854223296326,0.1901756165925502,0.49158109394168004,0.5159749300907787
Jonnester/LR-AttnRes-Full-16,Projected LR-AttnRes Full r=16,lr_attnres,Projected LR-AttnRes,8,46,0.9774745283496937,0.10892252942804635,0.11143260133023034,0.45538868618679396,0.5
Jonnester/LR-AttnRes-Full-16,Projected LR-AttnRes Full r=16,lr_attnres,Projected LR-AttnRes,8,47,0.9764573265821106,0.13740353528410196,0.1407163749439568,0.5102102484951193,0.5154505982323015
Jonnester/LR-AttnRes-Full-16,Projected LR-AttnRes Full r=16,lr_attnres,Projected LR-AttnRes,8,48,0.9820406039896595,0.11710562806470487,0.11924723640646731,0.5567006058377902,0.5
Jonnester/LR-AttnRes-Full-32,Projected LR-AttnRes Full r=32,lr_attnres,Projected LR-AttnRes,8,1,0.0,0.0,0.0,0.0,0.0
Jonnester/LR-AttnRes-Full-32,Projected LR-AttnRes Full r=32,lr_attnres,Projected LR-AttnRes,8,2,0.5969582095863373,0.1967806605304159,0.3296389217375455,0.33518053913122725,0.5
Jonnester/LR-AttnRes-Full-32,Projected LR-AttnRes Full r=32,lr_attnres,Projected LR-AttnRes,8,3,0.5736833200222109,0.07351060659904791,0.12813795352495494,0.6025976899041892,0.6666666666666666
Jonnester/LR-AttnRes-Full-32,Projected LR-AttnRes Full r=32,lr_attnres,Projected LR-AttnRes,8,4,0.7873208061829815,0.16759280418235115,0.21286469615208015,0.3935676519239599,0.5
Jonnester/LR-AttnRes-Full-32,Projected LR-AttnRes Full r=32,lr_attnres,Projected LR-AttnRes,8,5,0.7104087224820765,0.10088416468806374,0.1420086233395157,0.5289956883302421,0.6
Jonnester/LR-AttnRes-Full-32,Projected LR-AttnRes Full r=32,lr_attnres,Projected LR-AttnRes,8,6,0.7953445318995452,0.18836127233699088,0.23682978229211182,0.3815851088539441,0.5
Jonnester/LR-AttnRes-Full-32,Projected LR-AttnRes Full r=32,lr_attnres,Projected LR-AttnRes,8,7,0.546674018862044,0.09812533719147135,0.17949515397810367,0.41025242301094816,0.5
Jonnester/LR-AttnRes-Full-32,Projected LR-AttnRes Full r=32,lr_attnres,Projected LR-AttnRes,8,8,0.8082607993628921,0.15268290551697333,0.1889030194676334,0.4055484902661833,0.5
Jonnester/LR-AttnRes-Full-32,Projected LR-AttnRes Full r=32,lr_attnres,Projected LR-AttnRes,8,9,0.82141233408233,0.0904020273043373,0.11005681745129033,0.5729555891681926,0.5932855610935502
Jonnester/LR-AttnRes-Full-32,Projected LR-AttnRes Full r=32,lr_attnres,Projected LR-AttnRes,8,10,0.8909216127926257,0.11648847819949562,0.1307505357675164,0.4346247321162418,0.5
Jonnester/LR-AttnRes-Full-32,Projected LR-AttnRes Full r=32,lr_attnres,Projected LR-AttnRes,8,11,0.8463549586694415,0.06871244078729219,0.08118631560369816,0.5264986073657286,0.5670917651675778
Jonnester/LR-AttnRes-Full-32,Projected LR-AttnRes Full r=32,lr_attnres,Projected LR-AttnRes,8,12,0.9375553889184949,0.10640523900709505,0.11349221631570745,0.44325389184214625,0.5
Jonnester/LR-AttnRes-Full-32,Projected LR-AttnRes Full r=32,lr_attnres,Projected LR-AttnRes,8,13,0.8106293106163905,0.10324906282187482,0.127369022399851,0.4363154888000745,0.5
Jonnester/LR-AttnRes-Full-32,Projected LR-AttnRes Full r=32,lr_attnres,Projected LR-AttnRes,8,14,0.9390381317494846,0.09191897993044154,0.09788631241118073,0.45105684379440963,0.5
Jonnester/LR-AttnRes-Full-32,Projected LR-AttnRes Full r=32,lr_attnres,Projected LR-AttnRes,8,15,0.910839624884652,0.05673929638050117,0.062293399222378566,0.5406613111723919,0.5592766226839941
Jonnester/LR-AttnRes-Full-32,Projected LR-AttnRes Full r=32,lr_attnres,Projected LR-AttnRes,8,16,0.9520953605935826,0.0450780199976956,0.047346118743391175,0.47632694062830444,0.5
Jonnester/LR-AttnRes-Full-32,Projected LR-AttnRes Full r=32,lr_attnres,Projected LR-AttnRes,8,17,0.9130212762128047,0.07199458444142731,0.07885312896547111,0.5400365774625209,0.5509989178316211
Jonnester/LR-AttnRes-Full-32,Projected LR-AttnRes Full r=32,lr_attnres,Projected LR-AttnRes,8,18,0.9454718480356099,0.06383148503557945,0.06751283517134962,0.4662435824143252,0.5
Jonnester/LR-AttnRes-Full-32,Projected LR-AttnRes Full r=32,lr_attnres,Projected LR-AttnRes,8,19,0.7712075363208608,0.06357444298824651,0.08243493481863015,0.45878253259068497,0.5
Jonnester/LR-AttnRes-Full-32,Projected LR-AttnRes Full r=32,lr_attnres,Projected LR-AttnRes,8,20,0.9592876231706724,0.09287131293033196,0.09681279179165297,0.4653522039442452,0.5
Jonnester/LR-AttnRes-Full-32,Projected LR-AttnRes Full r=32,lr_attnres,Projected LR-AttnRes,8,21,0.9224324545300588,0.054982815139742736,0.059606332008075545,0.5237156579363399,0.5535188239403777
Jonnester/LR-AttnRes-Full-32,Projected LR-AttnRes Full r=32,lr_attnres,Projected LR-AttnRes,8,22,0.9697130862017714,0.034971966779207775,0.0360642413481167,0.4868914586921901,0.5
Jonnester/LR-AttnRes-Full-32,Projected LR-AttnRes Full r=32,lr_attnres,Projected LR-AttnRes,8,23,0.9274259824002904,0.1033573875612602,0.1114454301719678,0.546435697317093,0.5440024636784698
Jonnester/LR-AttnRes-Full-32,Projected LR-AttnRes Full r=32,lr_attnres,Projected LR-AttnRes,8,24,0.9492893874554372,0.11206320075060786,0.11804956658263334,0.5093161319123517,0.5
Jonnester/LR-AttnRes-Full-32,Projected LR-AttnRes Full r=32,lr_attnres,Projected LR-AttnRes,8,25,0.8685717047381449,0.07284622213886516,0.08386897908541319,0.4802592871093428,0.5
Jonnester/LR-AttnRes-Full-32,Projected LR-AttnRes Full r=32,lr_attnres,Projected LR-AttnRes,8,26,0.9454190741951873,0.08497601717225904,0.08988185185981898,0.4765342362022978,0.5
Jonnester/LR-AttnRes-Full-32,Projected LR-AttnRes Full r=32,lr_attnres,Projected LR-AttnRes,8,27,0.9254021667913208,0.07820347328051963,0.0845075536743957,0.5384401769228718,0.5447163392446744
Jonnester/LR-AttnRes-Full-32,Projected LR-AttnRes Full r=32,lr_attnres,Projected LR-AttnRes,8,28,0.9653510856404295,0.04271694492336691,0.0442501651044685,0.4837006194902548,0.5
Jonnester/LR-AttnRes-Full-32,Projected LR-AttnRes Full r=32,lr_attnres,Projected LR-AttnRes,8,29,0.9227161430337323,0.08476820976692968,0.09186813345242488,0.5212563483513694,0.5389303996854908
Jonnester/LR-AttnRes-Full-32,Projected LR-AttnRes Full r=32,lr_attnres,Projected LR-AttnRes,8,30,0.9652044343557663,0.053441682489725174,0.0553682521417292,0.4828097668257229,0.5
Jonnester/LR-AttnRes-Full-32,Projected LR-AttnRes Full r=32,lr_attnres,Projected LR-AttnRes,8,31,0.815917286476711,0.08215951054864297,0.10069588169092931,0.4883126184240976,0.5
Jonnester/LR-AttnRes-Full-32,Projected LR-AttnRes Full r=32,lr_attnres,Projected LR-AttnRes,8,32,0.9627643593897424,0.165897675752034,0.17231389398044386,0.47402470477222375,0.5
Jonnester/LR-AttnRes-Full-32,Projected LR-AttnRes Full r=32,lr_attnres,Projected LR-AttnRes,8,33,0.9245295622272462,0.10930839284426636,0.1182313657780028,0.5119711027673238,0.5375662430801303
Jonnester/LR-AttnRes-Full-32,Projected LR-AttnRes Full r=32,lr_attnres,Projected LR-AttnRes,8,34,0.9746168284124233,0.15295748494383765,0.15694114905956813,0.4364147744142557,0.5
Jonnester/LR-AttnRes-Full-32,Projected LR-AttnRes Full r=32,lr_attnres,Projected LR-AttnRes,8,35,0.9416425896021046,0.11943780934756124,0.126839854809488,0.49781674319722413,0.5332937664031132
Jonnester/LR-AttnRes-Full-32,Projected LR-AttnRes Full r=32,lr_attnres,Projected LR-AttnRes,8,36,0.9731133646990466,0.12522951780053665,0.12868954670997268,0.44013369426868265,0.5
Jonnester/LR-AttnRes-Full-32,Projected LR-AttnRes Full r=32,lr_attnres,Projected LR-AttnRes,8,37,0.8546880323409549,0.09671405922409478,0.11315714689393626,0.5076599511623852,0.5
Jonnester/LR-AttnRes-Full-32,Projected LR-AttnRes Full r=32,lr_attnres,Projected LR-AttnRes,8,38,0.977311538873104,0.18373332930562217,0.18799873121059962,0.43473213996971405,0.5
Jonnester/LR-AttnRes-Full-32,Projected LR-AttnRes Full r=32,lr_attnres,Projected LR-AttnRes,8,39,0.9510892858062454,0.14238383315331968,0.14970606364534939,0.5167605606274044,0.5362194965817287
Jonnester/LR-AttnRes-Full-32,Projected LR-AttnRes Full r=32,lr_attnres,Projected LR-AttnRes,8,40,0.9735931590865783,0.1737170079041545,0.17842874745251414,0.4384843154686983,0.5
Jonnester/LR-AttnRes-Full-32,Projected LR-AttnRes Full r=32,lr_attnres,Projected LR-AttnRes,8,41,0.9580509836702206,0.20266086089962382,0.21153452619321517,0.4964970111584979,0.5312739894356767
Jonnester/LR-AttnRes-Full-32,Projected LR-AttnRes Full r=32,lr_attnres,Projected LR-AttnRes,8,42,0.9791218988953264,0.1983107367295742,0.20253937426311688,0.4298043107779545,0.5
Jonnester/LR-AttnRes-Full-32,Projected LR-AttnRes Full r=32,lr_attnres,Projected LR-AttnRes,8,43,0.9425868827327178,0.21817645923105805,0.23146562213822436,0.4911799237450075,0.5
Jonnester/LR-AttnRes-Full-32,Projected LR-AttnRes Full r=32,lr_attnres,Projected LR-AttnRes,8,44,0.981296628232803,0.2081765525414026,0.21214436751535926,0.4210680935706587,0.5
Jonnester/LR-AttnRes-Full-32,Projected LR-AttnRes Full r=32,lr_attnres,Projected LR-AttnRes,8,45,0.968597565830602,0.26139938544613234,0.2698740887521996,0.5181186657228314,0.5186920231498915
Jonnester/LR-AttnRes-Full-32,Projected LR-AttnRes Full r=32,lr_attnres,Projected LR-AttnRes,8,46,0.9802951940100608,0.20203241145586573,0.20609344276127528,0.41923367885743607,0.5
Jonnester/LR-AttnRes-Full-32,Projected LR-AttnRes Full r=32,lr_attnres,Projected LR-AttnRes,8,47,0.973788273039963,0.2296370630213097,0.23581826704939762,0.5295327009783553,0.5180408339092337
Jonnester/LR-AttnRes-Full-32,Projected LR-AttnRes Full r=32,lr_attnres,Projected LR-AttnRes,8,48,0.9790426730935469,0.13965140666615788,0.14264077603981445,0.5614171399106286,0.5
Jonnester/LR-AttnRes-Full-64,Projected LR-AttnRes Full r=64,lr_attnres,Projected LR-AttnRes,8,1,0.0,0.0,0.0,0.0,0.0
Jonnester/LR-AttnRes-Full-64,Projected LR-AttnRes Full r=64,lr_attnres,Projected LR-AttnRes,8,2,0.6359049671791434,0.2854738924803773,0.4489254011440286,0.27553729942798566,0.5
Jonnester/LR-AttnRes-Full-64,Projected LR-AttnRes Full r=64,lr_attnres,Projected LR-AttnRes,8,3,0.5427216098802845,0.1782163311310899,0.3283752256896524,0.5024790538218404,0.6666666666666666
Jonnester/LR-AttnRes-Full-64,Projected LR-AttnRes Full r=64,lr_attnres,Projected LR-AttnRes,8,4,0.758691268904907,0.19730855760777874,0.2600643577888716,0.3699678211055642,0.5
Jonnester/LR-AttnRes-Full-64,Projected LR-AttnRes Full r=64,lr_attnres,Projected LR-AttnRes,8,5,0.7537603605447746,0.01927636212449736,0.025573594916248336,0.5872132025418758,0.6
Jonnester/LR-AttnRes-Full-64,Projected LR-AttnRes Full r=64,lr_attnres,Projected LR-AttnRes,8,6,0.8435230527406301,0.20137645161854548,0.23873260009227693,0.38063369995386154,0.5
Jonnester/LR-AttnRes-Full-64,Projected LR-AttnRes Full r=64,lr_attnres,Projected LR-AttnRes,8,7,0.559868209836323,0.23799106686156446,0.4250840870767443,0.28745795646162786,0.5
Jonnester/LR-AttnRes-Full-64,Projected LR-AttnRes Full r=64,lr_attnres,Projected LR-AttnRes,8,8,0.9091119148382326,0.06319337635020901,0.06951110783918572,0.46524444608040716,0.5
Jonnester/LR-AttnRes-Full-64,Projected LR-AttnRes Full r=64,lr_attnres,Projected LR-AttnRes,8,9,0.8370686411948465,0.08185980924806463,0.0977934248393495,0.5388225363887935,0.5848502766532133
Jonnester/LR-AttnRes-Full-64,Projected LR-AttnRes Full r=64,lr_attnres,Projected LR-AttnRes,8,10,0.9126304577188037,0.13271525543092239,0.14542058541707592,0.4272897072914621,0.5
Jonnester/LR-AttnRes-Full-64,Projected LR-AttnRes Full r=64,lr_attnres,Projected LR-AttnRes,8,11,0.8925219106571219,0.13370314014212403,0.14980376228935902,0.5843132557153947,0.5716815165008328
Jonnester/LR-AttnRes-Full-64,Projected LR-AttnRes Full r=64,lr_attnres,Projected LR-AttnRes,8,12,0.9268680458540113,0.22493149559732864,0.24267909181190722,0.37866045409404636,0.5
Jonnester/LR-AttnRes-Full-64,Projected LR-AttnRes Full r=64,lr_attnres,Projected LR-AttnRes,8,13,0.6523077277981533,0.0841189915223456,0.12895599413836004,0.43552200293082,0.5
Jonnester/LR-AttnRes-Full-64,Projected LR-AttnRes Full r=64,lr_attnres,Projected LR-AttnRes,8,14,0.9409529581302549,0.13973949292326354,0.1485084793196639,0.4301698517804139,0.5
Jonnester/LR-AttnRes-Full-64,Projected LR-AttnRes Full r=64,lr_attnres,Projected LR-AttnRes,8,15,0.9138960509477714,0.10515644055283885,0.11506389642868528,0.5191148734320666,0.5766468216464092
Jonnester/LR-AttnRes-Full-64,Projected LR-AttnRes Full r=64,lr_attnres,Projected LR-AttnRes,8,16,0.9439483123521011,0.16742898520778832,0.17737092488739556,0.4113145375563022,0.5
Jonnester/LR-AttnRes-Full-64,Projected LR-AttnRes Full r=64,lr_attnres,Projected LR-AttnRes,8,17,0.9081930102841036,0.06346867377831927,0.06988456535077804,0.5274454960417314,0.5623877787171204
Jonnester/LR-AttnRes-Full-64,Projected LR-AttnRes Full r=64,lr_attnres,Projected LR-AttnRes,8,18,0.9629563639712769,0.08155016797950598,0.0846872932467981,0.45765635337660093,0.5
Jonnester/LR-AttnRes-Full-64,Projected LR-AttnRes Full r=64,lr_attnres,Projected LR-AttnRes,8,19,0.7589926792278402,0.17468920923254605,0.2301592808645609,0.38492035956771953,0.5
Jonnester/LR-AttnRes-Full-64,Projected LR-AttnRes Full r=64,lr_attnres,Projected LR-AttnRes,8,20,0.9683776870899932,0.13636611096894113,0.1408191378084369,0.49060361223260024,0.5
Jonnester/LR-AttnRes-Full-64,Projected LR-AttnRes Full r=64,lr_attnres,Projected LR-AttnRes,8,21,0.9273561128922473,0.14231560793945058,0.15346381606909915,0.48277259231670977,0.5595045003512593
Jonnester/LR-AttnRes-Full-64,Projected LR-AttnRes Full r=64,lr_attnres,Projected LR-AttnRes,8,22,0.965333702565148,0.03536135339125145,0.036631222236711454,0.5026655278845805,0.5
Jonnester/LR-AttnRes-Full-64,Projected LR-AttnRes Full r=64,lr_attnres,Projected LR-AttnRes,8,23,0.9522967091042214,0.14272466772728093,0.14987415829834694,0.6017303950671127,0.550609732195555
Jonnester/LR-AttnRes-Full-64,Projected LR-AttnRes Full r=64,lr_attnres,Projected LR-AttnRes,8,24,0.9730341194757843,0.20784355519808886,0.21360356336740094,0.5519658020999342,0.5
Jonnester/LR-AttnRes-Full-64,Projected LR-AttnRes Full r=64,lr_attnres,Projected LR-AttnRes,8,25,0.8150964224241612,0.07416437882778604,0.09098847300447634,0.45450576349776184,0.5
Jonnester/LR-AttnRes-Full-64,Projected LR-AttnRes Full r=64,lr_attnres,Projected LR-AttnRes,8,26,0.9625115867143845,0.1518717455957842,0.1577869271311438,0.470161774929388,0.5
Jonnester/LR-AttnRes-Full-64,Projected LR-AttnRes Full r=64,lr_attnres,Projected LR-AttnRes,8,27,0.9461928397242919,0.10243590201470798,0.10826112576011085,0.5334677758702482,0.561011786631444
Jonnester/LR-AttnRes-Full-64,Projected LR-AttnRes Full r=64,lr_attnres,Projected LR-AttnRes,8,28,0.9818081172539027,0.10994171590839592,0.11197882149915471,0.513406633171546,0.5
Jonnester/LR-AttnRes-Full-64,Projected LR-AttnRes Full r=64,lr_attnres,Projected LR-AttnRes,8,29,0.9458328803652913,0.07764494103508268,0.08209160692858904,0.5097143279739067,0.5443476341612367
Jonnester/LR-AttnRes-Full-64,Projected LR-AttnRes Full r=64,lr_attnres,Projected LR-AttnRes,8,30,0.9730347862913902,0.2233294659082179,0.22951848079287318,0.5171404948804816,0.5
Jonnester/LR-AttnRes-Full-64,Projected LR-AttnRes Full r=64,lr_attnres,Projected LR-AttnRes,8,31,0.8839923739622582,0.07851461891645223,0.08881820842473058,0.49531632832248357,0.5
Jonnester/LR-AttnRes-Full-64,Projected LR-AttnRes Full r=64,lr_attnres,Projected LR-AttnRes,8,32,0.9746691202517689,0.11602311340592258,0.11903846238193368,0.47654899682177904,0.5
Jonnester/LR-AttnRes-Full-64,Projected LR-AttnRes Full r=64,lr_attnres,Projected LR-AttnRes,8,33,0.9558263266443965,0.08729893471389437,0.09133346956488768,0.5520652650110345,0.550020443843332
Jonnester/LR-AttnRes-Full-64,Projected LR-AttnRes Full r=64,lr_attnres,Projected LR-AttnRes,8,34,0.9781185510469889,0.13364951409460082,0.1366393817513643,0.46824360237352014,0.5
Jonnester/LR-AttnRes-Full-64,Projected LR-AttnRes Full r=64,lr_attnres,Projected LR-AttnRes,8,35,0.9538829156871491,0.08364862796161468,0.08769276248265405,0.5344723863662183,0.5449665617640475
Jonnester/LR-AttnRes-Full-64,Projected LR-AttnRes Full r=64,lr_attnres,Projected LR-AttnRes,8,36,0.9670874955193177,0.2467156256950362,0.25511200055642536,0.4405027660626958,0.5
Jonnester/LR-AttnRes-Full-64,Projected LR-AttnRes Full r=64,lr_attnres,Projected LR-AttnRes,8,37,0.9405929564452934,0.06273697766785817,0.06669939131264063,0.4950892849627957,0.5
Jonnester/LR-AttnRes-Full-64,Projected LR-AttnRes Full r=64,lr_attnres,Projected LR-AttnRes,8,38,0.977469637740131,0.23873798589305414,0.24424082004736886,0.4328752294187867,0.5
Jonnester/LR-AttnRes-Full-64,Projected LR-AttnRes Full r=64,lr_attnres,Projected LR-AttnRes,8,39,0.9672614876180886,0.20311324607055928,0.20998793880518488,0.5178456306676661,0.5360535669049975
Jonnester/LR-AttnRes-Full-64,Projected LR-AttnRes Full r=64,lr_attnres,Projected LR-AttnRes,8,40,0.9812708304952678,0.2829659408170397,0.2883668117131546,0.4068820969078338,0.5
Jonnester/LR-AttnRes-Full-64,Projected LR-AttnRes Full r=64,lr_attnres,Projected LR-AttnRes,8,41,0.9717803680076742,0.26469125435839036,0.27237765144510523,0.4941575296895321,0.5353873921029974
Jonnester/LR-AttnRes-Full-64,Projected LR-AttnRes Full r=64,lr_attnres,Projected LR-AttnRes,8,42,0.9801018446839103,0.3126470131735219,0.31899441355949365,0.42672972736511344,0.5
Jonnester/LR-AttnRes-Full-64,Projected LR-AttnRes Full r=64,lr_attnres,Projected LR-AttnRes,8,43,0.9503256740745126,0.2587999257683088,0.27232761655139387,0.521082269875253,0.5
Jonnester/LR-AttnRes-Full-64,Projected LR-AttnRes Full r=64,lr_attnres,Projected LR-AttnRes,8,44,0.9798004688369488,0.26350312984010915,0.26893550087079965,0.41167790337276955,0.5
Jonnester/LR-AttnRes-Full-64,Projected LR-AttnRes Full r=64,lr_attnres,Projected LR-AttnRes,8,45,0.9798870798582742,0.30718255952205054,0.3134877128561383,0.5193477210187444,0.5222736828132869
Jonnester/LR-AttnRes-Full-64,Projected LR-AttnRes Full r=64,lr_attnres,Projected LR-AttnRes,8,46,0.9750877370418056,0.3156506877290312,0.3237151650441668,0.43215671707814246,0.5
Jonnester/LR-AttnRes-Full-64,Projected LR-AttnRes Full r=64,lr_attnres,Projected LR-AttnRes,8,47,0.9834873071830054,0.2765053716476825,0.28114788023007087,0.5594133259953192,0.5198682148146654
Jonnester/LR-AttnRes-Full-64,Projected LR-AttnRes Full r=64,lr_attnres,Projected LR-AttnRes,8,48,0.9887016391082538,0.19311366974360994,0.19532047091353688,0.5855412896699321,0.5
